smiles,label
CCCCC(NC(=O)[C@H](CCC(=O)O)NC(=O)[C@H](CC(=O)O)NC(=O)[C@H](CO)NC(=O)[C@H](Cc1ccccc1)NC(=O)[C@H](CO)NC(=O)CNC(=O)[C@H](CC(=O)O)NC(=O)CNC(=O)[C@@H](N)Cc1cnc[nH]1)C(=O)N[C@H](Cc1ccccc1)C(=O)N[C@H](C(=O)N[C@H](C(=O)N[C@@H](CC(C)C)C(=O)N[C@@H](CC(=O)O)C(=O)N[C@@H](CC(C)C)C(=O)N[C@@H](CC(C)C)C(=O)N[C@@H](C)C(=O)N[C@@H](C)C(=O)N[C@@H](CCCNC(=N)N)C(=O)N[C@@H](CC(=O)O)C(=O)N[C@@H](Cc1ccccc1)C(=O)N[C@H](C(=O)N[C@@H](CC(N)=O)C(=O)N[C@@H](Cc1c[nH]c2ccccc12)C(=O)N[C@@H](CC(C)C)C(=O)N[C@H](C(=O)N[C@@H](CCC(N)=O)C(=O)N[C@H](C(=O)N[C@@H](CCCCN)C(=O)N[C@H](C(=O)N[C@H](C(=O)N[C@@H](CC(=O)O)C(=O)NCCCOCCOCCOCCCNC(=O)COCC(N)=O)[C@@H](C)O)[C@@H](C)CC)[C@@H](C)O)[C@@H](C)CC)[C@@H](C)CC)[C@@H](C)CC)[C@@H](C)O,1
CO[C@H]1/C(F)=C/C[C@H](C)[C@@H](C)S(=O)(=O)NC(=O)c2cnc3c(n2)N(C[C@@H]2CCO[C@H]21)C[C@@]1(CCCc2cc(Cl)ccc21)CO3,1
CCCc1cc(C(O)(C(F)(F)F)C(F)(F)F)ccc1OCCCCN1C(=O)NC(C)(c2ccc3c(c2)OCO3)C1=O,1
CCn1nc(Cc2ccccc2)cc1C1CCN(C[C@H]2CN([C@H](CC(C)C)C(=O)O)C[C@@H]2c2ccccc2)CC1,1
Cc1ccc(CNC(c2nc(Cc3ccccc3)c(N3CCOCC3)o2)C2CCCCC2)cc1,1
FC1Cc2nn(-c3c(Cl)cc(C(F)(F)F)cc3Cl)cc2C1(F)F,0
O=C(Nc1cnc(N2CCNCC2)nc1)c1cc(C(=O)c2c(Cl)ccc(Cl)c2F)c[nH]1,1
O=C1NC(=O)[C@](CNC(=O)[C@@H](Cc2ccc(C(F)(F)F)cc2)C2CC2)(C2CC2)N1,0
CC(C)[C@H](NC(=O)OCc1cccnc1)C(=O)N[C@@H](Cc1ccccc1)[C@@H](O)[C@H](Cc1ccccc1)NC(=O)[C@H](NC(=O)OCc1ccccc1)C(C)C,1
Cc1ccccc1C(=O)Nc1c(C)cc(S(=O)(=O)N[C@H](C)C2CCN(C)CC2)cc1Cl,1
CCOc1cc(S(=O)(=O)CC)ccc1-c1cc(-c2cnnc3c2ncn3CC)ccc1F,1
Cc1ccc(C2=C(c3nnn[nH]3)C(=O)N[C@@](c3ccc(OCCCCCC(F)(F)F)cc3)(C(F)(F)F)C2)cc1,1
COc1cc(C(F)(F)F)ccc1-c1nccc2cc(S(=O)(=O)Nc3nccs3)cnc12,1
COc1cc(N2CC(NC(=O)c3cc4c(C)n(C)nc4cn3)C2)c(Cl)cn1,0
Cc1n[nH]c(C)c1Cc1sc2c(c1C(=O)N1C[C@H](O)CO1)c(=O)n(C)c(=O)n2CC(C)C,1
Cc1cccc(C[C@H](O)/C=C/[C@H]2CCC(=S)N2CCSCCCC(=O)O)c1,0
O=C(O)/C=C/c1ccc(Cn2ccnc2)cc1OCCc1ccc2ccccc2c1,0
Cc1ccc2c(C(=O)O)c(O)c(-c3ccc(Br)cc3)nc2c1C,0
CCn1c(-c2cnc(C)nc2)nc2c(-c3ccc4c(c3)[C@@]3(CCCN3C(=O)C3CC3)C(=O)N4C)ncnc21,1
COc1ccc(C2c3[nH]c4ccc(Cl)cc4c3CCN2C(=O)Oc2ccc(C)cc2)cc1,1
Cn1cc(-c2ccc(O[C@@H]3CCN(C(=O)Cc4ccc(OC(F)(F)F)cc4)C3)c(C(N)=O)n2)cn1,1
CNCCN(C)CC(O)c1cc(C(F)(F)F)nc2c(C(F)(F)F)cccc12,0
Cc1ccc(Cl)c(COc2ccc(CCC(=O)O)cc2C)c1,0
C[C@@H](O)[C@H]1C(=O)N2C3=C(S[C@@H]4CN[C@@H](C4)C(=O)Nc4cccc(c4)C(=O)OCCCOC3=O)[C@H](C)[C@H]12,1
COc1ccccc1C(=O)/C=C/c1cccnc1C(F)(F)F,0
COc1cc(Sc2c(-n3ccnc3)[nH]c3ccccc23)cc(OC)c1OC,0
CN[C@@H](C)C(=O)N[C@H]1CCC[C@H]2C[C@H]3CCN(CCc4ccc(Cl)c(Cl)c4)C[C@H]3N2C1=O,1
Cc1ncsc1-c1ccc([C@H](C)NC(=O)[C@@H]2C[C@@H](O)CN2C(=O)[C@@H](NC(=O)COCCOCCNC(=O)COc2c(-c3csc(N4CCOCC4)n3)ccc(F)c2F)C(C)(C)C)cc1,1
NC(=O)c1cc(NC(=O)c2cc(-c3cccc(N)n3)c(Cl)cc2Cl)n(-c2ccccc2)n1,1
COc1ccc(OC)c(S(=O)(=O)N(Cc2ccc(F)cc2)c2ccc(F)cc2)c1,0
CN(C)c1nc(Cc2ccc(NC(=O)c3ccc(C(F)(F)F)cc3)cc2)nc(N(C)C)c1CC(=O)O,1
CNC(=O)c1c(-c2ccc(O)c(F)c2)oc2ccc(O)c(CN3CCC4(COC4)C3)c12,0
CC(C)NC(=O)[C@H]1CC[C@@H](n2/c(=N/C(=O)c3cc(F)cc(C#N)c3)[nH]c3ccc(CN4CCC(C(C)(C)O)CC4)cc32)CC1,1
CC(C)Cc1cc(C(=O)NCC2C3CN(CCC(C)(C)C)CC23)nn1-c1ccccc1,0
C[C@H](N)Cn1ncc2ccc(O)c(F)c21,0
O=S(=O)(c1ccc(Cl)cc1)N1C2Cc3[nH]ncc3C1CC(C(F)F)C2,0
COc1cc2c(cc1OC)CN(c1ccc(F)cc1)CC2,0
CC(Cc1ccccc1)NC1CC2c3ccccc3CCc3cccc1c32,0
CC(C)c1nccn1Cc1cn(-c2ccc(Cl)c(OC(F)F)c2)nn1,0
CC(=O)N[C@H](C(=O)N[C@H](CO)C(=O)N[C@H]1CCNC(=O)[C@H]([C@@H](C)O)NC(=O)[C@H](CCN)NC(=O)[C@H](CCN)NC(=O)[C@H](CC(C)C)NC(=O)[C@@H](Cc2ccccc2)NC(=O)[C@H](CCN)NC1=O)[C@@H](C)O,1
O=C(c1ccc(Br)cc1NS(=O)(=O)c1ccc2c(c1)OCCCO2)N1CCCCC1,1
Cc1ncncc1-c1ccc(C(C(=O)NO)c2ccccc2F)cc1,0
O=C(O)C(c1ccccc1)N1CCCC(CN2CCC(Oc3ccc(Cl)c(Cl)c3)CC2)C1,1
Cc1ccc(CC(=O)N[C@H](c2ccc(C)c(OCC3CCCCC3)c2)[C@@H](C)C(=O)O)cc1,0
CC(=O)c1ccc(C(=O)N2CC(=O)N(Cc3ccccc3)[C@@H](Cc3ccccc3)C2)cc1,0
CCOc1ccc(-n2c([C@@H](C)N(Cc3cccnc3)C(=O)Cc3ccc(OC(F)(F)F)cc3)nc3ncccc3c2=O)cc1,1
CCN1C[C@H](NS(=O)(=O)C(C)C)[C@@H](c2ccc(-c3ccc(C#N)cc3)cc2)C1,0
CCCCN1CCC(N(Cc2ccccc2)C(=O)Nc2cccc(C)c2)CC1,0
O=C(CCCC1CCN(S(=O)(=O)c2ccc3ccccc3c2)CC1)NO,0
O=CCCl,0
C[C@@H]1C[C@H]1C(=O)N1CCN(c2nc(-c3cnn(C)c3)ncc2C#N)C[C@H]1C,0
CC(C)(C)C1CCc2c(sc3nc(SCc4ccnn4C4CCCCO4)nc(N)c23)C1,1
CN(C(=O)Cc1ccc(S(C)(=O)=O)cc1F)C1CCN(Cc2ccc(C(F)(F)F)cc2)CC1,1
C#CCN(CC=C)C(=O)[C@@]1(c2ccsc2)C[C@H]1CN,0
Cc1ccc(OC(=O)Nc2ccc3c(c2)sc2cc(S(=O)(=O)N[C@H](C(=O)O)C(C)C)ccc23)cc1,1
CC(C)(C)c1nc(CC(=O)N2CCN(c3cncc4ccccc34)CC2)co1,0
C=CC(=O)Nc1cc(N2CCN(C(C)=O)CC2)cc(C)c1Nc1ncc(OCc2c(F)c(OC)cc(OC)c2F)cn1,1
O=C(NCc1ccc(OC(F)(F)F)cc1)C1c2ccccc2C(=O)N1C1CCC(F)(F)CC1,1
Cc1c(CCC(=O)O)cccc1NC(=O)[C@@H](c1ccc(-c2cccnc2)cc1)C1CCCC1,1
FC(F)(F)c1cc(SCc2cnc(-c3ccc(Oc4ccccc4)cc3)s2)ccn1,1
NCC1(Cc2nnn[nH]2)CCCCCC1,0
c1cc(-c2cc(C3CCNCC3)n[nH]2)c2cc[nH]c2n1,0
CS(=O)(=O)Nc1ccc2c(c1)S(=O)(=O)N=C(C1=C(O)[C@@H]3[C@@H]4CC[C@@H](C4)[C@@H]3N(Cc3ccc(F)c(F)c3)C1=O)N2,1
C=C(C)[C@@H]1CC[C@]2(C(=O)Nc3ccc4ccccc4c3)CC[C@]3(C)[C@H](CC[C@@H]4[C@@]5(C)CC[C@H](O[C@@H]6O[C@H](CO)[C@@H](O[C@@H]7O[C@@H](C)[C@H](O)[C@@H](O)[C@H]7O)[C@H](O)[C@H]6O[C@@H]6O[C@@H](C)[C@H](O)[C@@H](O)[C@H]6O)C(C)(C)[C@@H]5CC[C@]43C)[C@@H]12,1
C[C@@H]1CC2=CC(=O)CC[C@]2(C)[C@H]2CC[C@@]3(C)[C@@H](CC[C@@H]3O)[C@]12C,0
Cc1ccc(-c2cc(CNC(=O)NCC34CC5CC(CC(C5)C3)C4)no2)cc1,0
Fc1ccc2c(CN3CCC(F)(F)[C@H](CCc4ccccc4)C3)c[nH]c2c1,0
C[C@H]([C@H]1CN(C2CCN(c3nnc(N)[nH]3)CC2)[C@@H](Cc2ccc(Cl)cc2)CO1)n1cccn1,1
Fc1ccc(CN2CCN(c3nc4cnccc4nc3NC3CC3)CC2)c(F)c1,0
CN1CC(=O)N/C1=N\C(=O)Nc1ccncc1Cl,0
Cl.N#Cc1c(-c2ccc(C(F)(F)F)cc2)cc(NCCN2CCCC2)n2c1nc1ccccc12,1
Cc1nn(C)cc1-c1cnc2[nH]cc(-c3cccc(C#N)c3)c2c1,0
CCC(=O)NCCCc1cc(OC)ccc1OCc1cccc(OC)c1,0
COCCn1cnc2ccc(NC(=O)Nc3cccc(C(=O)C(F)(F)F)c3)cc2c1=O,0
CN(C)C(=O)[C@@H](c1ccc(-c2ccn3ncnc3c2)cc1)[C@H](N)C(=O)N1CC[C@H](F)C1.O=C(O)C(F)(F)F,1
CCOCc1nc2c(N)nc3ccccc3c2n1CC(C)(C)O,0
Cn1cc(Cc2cn(CC(=O)N(CCN)Cc3ccc(-c4ccc(Cl)cc4)cc3)c(SCc3ccc(F)cc3)nc2=O)cn1,1
CCNC(=O)c1cc2c(-c3cc(S(=O)(=O)CC)ccc3Oc3c(C)cccc3C(F)(F)F)cn(C)c(=O)c2[nH]1,1
CC(C)(C)[C@H](NC(=O)[C@H](CC1CCCC1)CN(O)C=O)C(=O)N1CCN(Cc2ccc3c(c2)OCO3)CC1,1
CC(=O)c1ccc(N2CCC(CC(=O)Nc3nc4cc(Cl)ccc4o3)CC2)cc1,0
C[C@H](c1nc2c(C3CC3)nccn2c1-c1ccc(C#N)cc1)N(CC1CCS(=O)(=O)CC1)C(=O)Cc1ccc(OC(F)(F)F)cc1,1
COCCCOC(=O)N[C@H]1CCc2c(C(=O)Nc3ccc(F)c(Cl)c3)ccc(F)c21,0
COc1cc2nc(N3CCCN(C(=O)N4CCOCC4)CC3)nc(N)c2cc1-c1ccccn1,1
Cc1cc(-c2nc3cccnn3c2-c2ccnc(NC(=O)c3ccncc3)c2)ccc1F,0
CCNc1nc(C)cc(N2CCN(C(=O)c3ccc(C)c(C)c3)CC2)n1,0
CC1(C)CCNC(=O)C(N(Cc2ccc(C(=O)NC3CC3)cc2)S(=O)(=O)c2ccc(Cl)cc2)C1,1
CC(C)c1ccc(CCN(CC(=O)O)S(=O)(=O)c2cc(C(=N)N)ccc2O)cc1,0
Cc1ccc(NC(=O)c2ccc(CN3CCN(C)CC3)cc2)cc1Nc1nccc(-c2cccnc2)n1,1
COc1ccc(C)cc1-c1nc(C)c(S(=O)(=O)c2ccc(C(C)(C)C)cc2)[nH]1,0
Cc1cc2c(NC(=O)N[C@@H]3CC(CF)(CF)Oc4cc(Cl)ccc43)cccc2cn1,0
O=C(O)c1ccc2nc([C@H]3CC34CCN(c3nccc(OCc5ccc(Cl)cc5F)n3)CC4)n(C[C@@H]3CCO3)c2c1,1
CC(C)C(=O)N1CCN(C(=O)[C@H]2CC[C@H](Cn3c(=O)[nH]c4cc(Cl)ccc4c3=O)CC2)CC1,1
C[C@H](Nc1nccc(Nc2cc([C@@H]3C[C@H]3F)[nH]n2)n1)c1ccc2[nH]ccc2n1,0
C[C@@H](O[C@H]1CCn2c(O)nnc2C[C@@H]1c1ccc(F)cc1)c1cc(C(F)(F)F)cc(C(F)(F)F)c1,1
Cc1ccc(C(=O)NCC(N)=O)cc1-n1cnc(OCc2ccc(F)cc2F)c(Cl)c1=O,1
CCCC[C@H]1CN(C)C(=O)OC12CCN(C1(C)CCN(C(=O)c3c(C)cc(C#N)nc3C)CC1)CC2,1
CS(=N)(=O)c1ccc(C(F)(F)F)cc1,0
COc1ccc(C2(N[C@@H]3CC[C@H](C(=O)N4CCN(c5nnc(Br)s5)CC4)[C@@H](c4ccsc4)C3)CCC2)cc1,1
O=C(c1cc(-c2cnn(CCO)c2)c2c(c1)C(O)(C(F)(F)F)c1ccccc1-2)N1CCC1,1
COc1ccc(Cn2nc(C(=O)Nc3ccc(F)c(C(=O)N[C@H]4C[C@H](OC)C4)c3)ccc2=O)cc1,1
O=C(Nc1ccc(F)c(C(=O)NC2CC2)c1)c1ccc(=O)n(Cc2ccc(Cl)c(F)c2)n1,1
Cn1cc(NC(=O)c2ccc3ccc(N[C@@H]4CCCNC4)nn23)c(C(F)(F)F)n1,0
[2H]C([2H])([2H])c1nnn(C)c1-c1cnc2c3ccc(C(C)(C)O)cc3n([C@H](c3ccc(Cl)cn3)C3CCOCC3)c2c1,1
C=CCN1CC(=O)N2[C@@H](Cc3ccc(O)cc3)C(=O)N(Cc3cccc4c(C(=O)N(C)NC)cn(C)c34)C[C@@H]2N1C(=O)NCc1ccccc1,1
Cn1cc(C(=O)N(CC(=O)NC(C)(C)C)Cc2ccc(C(=O)NO)cc2)c2ccccc21,0
C[C@@H]1CN(c2ccc(F)cc2C(F)(F)F)CCN1S(=O)(=O)c1ccc(C(N)=O)cc1,1
COc1cc2ncc(C(N)=O)c(Nc3cccc(Cl)c3Cl)c2cc1NCCN1CCCCC1,1
Cc1cc(-n2cc(CN3C[C@H](CO)N[C@H](c4ccc5c(c4C)COC5=O)C3)cn2)ncc1C#N,1
O=C1c2cc(F)c(Cl)cc2CCN1c1cccnc1,0
C[C@H](C(=O)Nc1ccc(Cl)nc1)C12CC(NC(=O)c3cccc(Cl)c3)(C1)C2,0
O=C(N[C@@H](Cn1ccnc1)c1ccc(Cl)cc1Cl)c1ccc(-c2nnc(-c3cc(-c4ccccn4)ccc3F)o2)cc1,1
c1ccc(CNCc2ccc(CN(Cc3nc4ccccc4[nH]3)[C@H]3CCCc4cccnc43)cc2)nc1,1
Cc1ncnc(C2CC2)c1-c1ncc2nc(NCc3cnc(S(C)(=O)=O)cn3)c(=O)n([C@@H](C)C3CC3)c2n1,1
CC(C)Cn1c(NC2CCCNCC2)nc2c([N+](=O)[O-])c(Br)c(Br)cc21,1
O=S(=O)(c1cc(Cl)cc(Cl)c1)c1cnc2cc(F)ccc2c1-c1ccc(F)cc1,1
C[C@@H](Oc1cccc2ncnc(Nc3ccc4c(cnn4Cc4cscn4)c3)c12)C(N)=O,1
COc1cncc(-c2cccc(-c3cn4ccnc(C(N)=O)c4n3)c2)c1,0
CC(C)COc1ncc(Oc2nccc3cc(C(=O)NS(C)(=O)=O)ccc23)cc1Cl,1
COc1cccc2c(-c3c(C)n(CC(=O)O)c4ccc(C)cc34)ccnc12,0
Fc1ccccc1Nc1nc(-c2ccccn2)cs1,0
CC1(C)C(=O)N(c2ccc(C#N)c(C(F)(F)F)c2)C(=S)N1c1cncc(S(N)(=O)=O)c1,1
C[C@@H]1CN(c2ccc(F)cc2C(F)(F)F)CCN1S(=O)(=O)c1ccc(OC(F)F)cc1Cl,1
c1ccc(Cn2cc(-c3ccncc3)c3ccncc32)cc1,0
COC(=O)N[C@H](C(=O)N1C[C@@H](C)C[C@H]1c1ncc(-c2cc3sc(-c4ccc(-c5cc6[nH]c([C@@H]7C[C@H](C)CN7C(=O)[C@@H](NC(=O)OC)C(C)C)nc6s5)cc4)cc3s2)[nH]1)C(C)C,1
O=C(c1ccccc1)N1CCCC(c2cc3ncccn3n2)C1,0
CCC(CC)Oc1cc(C)nc(Oc2c(C)cc(C)cc2C)c1C,0
C[C@@H]1Cc2c([nH]c3ccccc23)[C@@H](c2cccc(OCCNCCCF)c2)N1CC(F)(F)F,1
Cc1c(CN2CCC(O)(Cn3ccnc3)CC2)[nH]c2c(Cl)cccc12,0
CC1(C)Cc2nc(N3CCOc4ccc(Nc5ccc(-c6ccccc6)nn5)cc43)sc2C(=O)N1,1
O=C(Nc1ccccc1)NC1C(=O)N(CCN2CCOCC2)c2ccccc2N(CC23CC4CC(CC(C4)C2)C3)C1=O,1
O=C1N[C@](c2cccc(Nc3ccc(F)cc3)n2)(c2cccc(Nc3ccc(F)c(F)c3)n2)CC(O)=C1Sc1ccccc1Cl,1
N#Cc1cccc(-c2cnnc(-c3ccccc3)c2)c1,0
Cc1ncoc1-c1nnc(SCCCN2[C@@H]3CC[C@H]2C[C@@H](c2ccc(C(C)(C)C)cc2)C3)n1C,1
N[C@H]1CCN(c2ccnc3ccc(-c4ccc(C(F)(F)F)nc4)nc23)C1,0
CCS(=O)(=O)c1ccc2oc(-c3ccc4c(c3)C=C[C@H](O)[C@H]4O)nc2c1,0
CC(C)c1nn(CC(=O)Nc2cccnc2)c(=O)c2cc3sccc3n12,0
CNC(=O)NCc1ccc(CC(=O)N(C)[C@H](CN2CCCC2)c2ccccc2)cc1,0
CC(C)CC[C@]1(C)CN(C2CCC2)C(=O)C(C2=NS(=O)(=O)c3cc(NS(C)(=O)=O)ccc3N2)=C1O,1
NS(=O)(=O)c1cc(NC(=O)Cc2ccccc2Cl)ccc1Oc1ccc(C2CCOC2)cc1,1
Cc1c(Nc2c(C#N)cncc2-c2ccc(OCCN3CCN(C)CC3)cc2)ccc2[nH]ccc12,1
CS(=O)(=O)NC(=O)c1ccc(-c2ccc(CCNC[C@H](O)c3ccc(N)cc3)cc2)cc1OC1CCCCC1.Cl.Cl,1
C=C[C@@H]1C[C@]1(NC(=O)[C@@H]1C[C@@H](Oc2ncc(OC)c3ccc(Cl)cc23)CN1C(=O)[C@@H](NC(=O)OC(C)(C)C)C(C)(C)C)C(=O)NS(=O)(=O)C1CC1,1
Cc1cc(NC(=O)C(=O)N2C[C@@H](C)CC[C@@H]2c2ccc3[nH]ccc3c2)cnc1N,0
O=C(NC[C@@H]1CCCN1)c1ccc(-c2cnc3ccc(NCC4CC4)nn23)cc1,0
CN1CCC(c2ccccc2[C@H]2CCCN2c2ccc(-c3ccc(C(=O)NS(=O)(=O)c4ccc(NC[C@H]5CC[C@](C)(O)CC5)c([N+](=O)[O-])c4)c(Oc4cnc5[nH]ccc5c4)c3)cc2)CC1,1
COc1cc2c(CNS(=O)(=O)C(F)(F)F)cnc(C(=O)c3cccc(OC(C)C)c3)c2cc1OC,1
Cc1c2cc(C#N)cc1NS(=O)(=O)CCCCC[C@H]1CN(CCN1C(=O)C(C)C)C2,0
CS(C)(=O)=NC(=O)Nc1ccc(C(F)(F)F)cc1,0
CC1(Cn2cc(-c3ccncc3)c3ccncc32)COC1,0
CCCCc1nc2c(N)nc3ccccc3c2n1Cc1ccc(NC(=O)CCCCCN)cc1,1
N#Cc1c(C2CCNCC2)cc(-c2c(O)cccc2OCC2CC2)nc1N,0
CCCCCCCCO[C@H]1O[C@H](COS(=O)(=O)[O-])[C@@H](OS(=O)(=O)[O-])[C@H](OS(=O)(=O)[O-])[C@@H]1O[C@H]1O[C@H](COS(=O)(=O)[O-])[C@@H](OS(=O)(=O)[O-])[C@H](O[C@H]2O[C@H](COS(=O)(=O)[O-])[C@@H](OS(=O)(=O)[O-])[C@H](O[C@H]3O[C@H](COS(=O)(=O)[O-])[C@@H](OS(=O)(=O)[O-])[C@H](OS(=O)(=O)[O-])[C@@H]3OS(=O)(=O)[O-])[C@@H]2OS(=O)(=O)[O-])[C@@H]1OS(=O)(=O)[O-].[Na+].[Na+].[Na+].[Na+].[Na+].[Na+].[Na+].[Na+].[Na+].[Na+].[Na+].[Na+].[Na+],1
Cc1c(OS(C)(=O)=O)ccc2c1C(=O)N(Cc1ccccc1-c1ccccc1)C2C(=O)NC(C)(C)C,1
O=C(NC1CCN(C(=O)CCc2cccnc2)CC1)C(c1ccccc1)c1ccccc1,0
CNC(=O)c1ccc(F)cc1[C@@H](C)Oc1cc(-c2cn(C)nc2C)cnc1N,0
O=C(O)c1ccc2c3c([nH]c2c1)[C@@H]1Oc2c(O)ccc4c2[C@@]12CCN(CC1CC1)[C@H](C4)[C@]2(O)C3,1
O=C(NCc1cc(Cl)ccc1-n1cnnn1)[C@@H]1C[C@H]2C[C@H]2N1C(=O)[C@H](O)CC1CC1,0
CN1CC2CCC1([C@H](NC(=O)c1c(Cl)cccc1Cl)c1ccccc1)CC2,0
Cl.NS(=O)(=O)OCCOc1ccc(-n2ccnc2)cc1,0
COc1ccc(N2C(=O)COc3ccc(-c4cnc(OC)c(NS(=O)(=O)c5ccc(F)cc5)c4)cc32)cc1,1
FC(F)Oc1cccc(-c2cnn(Cc3cc[nH]n3)c2)c1,0
Cc1ccc(NC(=O)C2C(C)(C)C2(C)C)cc1S(=O)(=O)N1CCOCC1,0
Nc1nc(Nc2ccc(N3CCOCC3)cc2)nc(-c2cccc(N3CCc4cc(C5CC5)cc(F)c4C3=O)c2CO)n1,1
Cc1c(Cl)ccc(OC2CCN(CC3CCN([C@@H](Cc4ccc(F)cc4)C(=O)O)CC3)CC2)c1Cl,1
CCCC[C@H](NC(=O)[C@H](C)c1c(C)[nH]c2ccc(O)cc12)c1ncc(-c2cc3ccccc3nc2OC)[nH]1,1
CCS(=O)(=O)c1ccc(CC(=O)Nc2cc(-c3cccc(Cl)c3)c(C(=O)c3cccc(F)c3)s2)cc1,1
CC1(C)Cc2cc(Cl)ccc2C(NC(Cc2ccccc2)c2n[nH]c(=O)[nH]2)=N1,0
C[C@@H](c1ccc(-c2ccc(F)cc2F)cc1)N1CC[C@](CC(C)(C)O)(c2ccc(F)cc2)OC1=O,1
Cc1cc(-c2cnn3c(NCC4CCOCC4)cc(N[C@@H](C4CC4)C(C)(C)O)nc23)ccc1C(=O)NC1CC1,1
CCN1CCN(c2ccc(Nc3ncc4scc(-c5ccccn5)c4n3)cc2)CC1,0
NC(=O)c1c(OC2CCN(C[C@H](O)CNC(=O)c3c[nH]c(=O)c4ccccc34)CC2)ccc(Cl)c1Cl,1
CN(C)C[C@H](c1ccc(Cl)c(Cl)c1)[C@H](O)c1ccccc1,0
Cc1cn(-c2cc(NC(=O)c3cccc(-c4ccc5nc(NC(=O)C6CC6)sc5n4)c3)cc(C(F)(F)F)c2)cn1,1
O=C(CCSc1nc2cc(N3CCOCC3)ccc2o1)N1CCCC1,0
COc1cc2ncnc(Nc3cccc(Cl)c3F)c2cc1Oc1ccnc(C=C(C)C)c1,1
CO[C@@]1(NC(=O)C(C(=O)[O-])c2ccc(O)cc2)C(=O)N2C(C(=O)[O-])=C(CSc3nnnn3C)CO[C@@H]21.[Na+].[Na+],1
Cl.Cl.OCCC/C(=C(\c1ccc(Br)cc1)c1ccc(N2CCNCC2)cc1)c1ccccc1,1
N#Cc1ccc(COc2cccc(N3C=NN(Cc4nc5c(F)cc(C(=O)O)cc5n4C[C@@H]4CCO4)CC3)n2)c2occc12,1
CCC1C(=O)N(C)c2cnc(-n3ccnc3-c3ccc(F)cc3)nc2N1C1CCC(F)(F)C1,1
Cn1cc(-c2cc3c(Nc4ccc(S(C)(=O)=O)cc4)ncnc3s2)cn1,0
CC(=O)O[C@@H]1[C@@H](O)[C@@H](O)[C@H](Oc2c(-c3ccc(O)cc3)oc3cc(O)cc(O)c3c2=O)O[C@H]1C,1
CC(C)(CNC(=O)c1cnc2ccccc2n1)c1ccccc1,0
COCCCC(=O)NCCN1CCC[C@@H]1Cn1nc(Cc2ccc(Cl)cc2)c2ccccc2c1=O.O=C(O)C(F)(F)F,1
Cn1cc(-c2nc3c(-c4ccc(CNC(=O)c5cc6c(s5)CCCC6)c(F)c4)ccnc3[nH]2)cn1,1
O=C(N[C@]12C[C@H]1CN(c1nc(Nc3cnn(CCO)c3)ncc1F)C2)C1CC1,0
CCc1ccc(Cc2ccc(OC)c([C@@H]3C[C@H](CO)[C@@H](O)[C@H](O)[C@H]3O)c2)cc1,0
C=C[C@]12OC(=O)N(CCCCn3cnc(-c4ccc(Cl)nc4)c3)[C@@H]1[C@@H](C)C(=O)[C@H](C)C[C@@](C)(OC)[C@H](O[C@@H]1O[C@H](C)C[C@H](N(C)C)[C@H]1O)[C@@H](C)C(=O)[C@@H](C)C(=O)O[C@@H]2CC,1
COc1cc(CCC(C)(C)N2Cc3cccc(C(=O)N(C)CCO)c3C2)ccc1O,0
CC[C@H](C)[C@@H]1C(=O)N[C@H](C2Cc3ccccc3C2)C(=O)N1[C@@H](C(=O)N(C)C)c1cc(C)cnc1C,1
CCOc1nc2nc(N3CCN(C)CC3)c3nncn3c2cc1Cl,0
CCCCCOC(=O)N1CCN(C(=O)[C@H](CCC(=O)O)NC(=O)c2cc(OC(=O)N3CCCC3)cc(-c3ccccc3)n2)CC1,1
CCc1ccc2c(c1)[C@@H](NC[C@@H](O)[C@H](Cc1cc(F)cc(F)c1)NC(C)=O)CS(=O)(=O)C2,1
CCCOC(=O)N1CCN(C(=O)c2ccc3c(Cl)cc(-c4ccc(C(=O)NC)cc4)nc3c2)CC1,1
CC(C)(CCC(C(N)=O)(c1ccccc1)c1ccccc1)N1CC(OCc2cccc(O)c2)C1,1
COc1cc(C)[nH]c(=O)c1CNC(=O)c1c(C)n(C(C)C2CCN(C)C(C(F)(F)F)C2)c2ccccc12,1
CC1=NNC(=O)C12CCN(c1c(Cl)cncc1-c1ccc3c(c1)CS(=O)(=O)N3C)CC2,1
COc1cc(-c2nc(-c3ccccc3)c(-c3cccs3)[nH]2)cc(OC)c1OC(=O)C1=CN(C)C=CC1,1
CC(=O)Nc1ccc(O)cc1OC[C@@H](N)CN1CCC2(CC1)Cc1cc(F)ccc1O2,0
Cn1cnc2c(NCCNCCO)nc3sc(-c4ccc(F)cc4)nc3c21,0
Clc1ccccc1Oc1ccc(Nc2ncnc3cc[nH]c23)cc1Cl,0
COCC(=O)N1CCN(Cc2ccc3[nH]c(-c4cc5cc(-c6cn[nH]c6)ccc5[nH]c4=O)cc3c2)CC1,1
CC(C)(C)OC(=O)N1CCN(c2ccc(OCc3ccc(S(C)(=O)=O)cc3)nn2)CC1,1
Nc1cc(CN2CCC(F)(C(=O)N3CCC(N4Cc5ccccc5C4)CC3)CC2)ccn1,0
CCOC(=O)N1CCC(=C2c3ccc(Cl)cc3CCc3ccc[n+]([O-])c32)CC1,0
Cc1nc2cnc3[nH]ccc3c2n1C1CCNCC1,0
C[C@H]1CC[C@H](NC(=O)c2cnc(N3CCCCC3)cn2)CC1,0
C=CCn1c(=O)c2cnc(Nc3cccc(N4CCN(C)CC4)c3)nc2n1-c1ccc2c(n1)[C@@](O)(CC)CC2,1
COc1ccccc1N1CCN(CCCNC(=O)Nc2ccccc2-c2ccccc2)CC1,1
CC1([C@@H]2COC[C@H](COC(=O)N3CCC(N4CCCCC4)CC3)N2S(=O)(=O)c2ccc(Cl)cc2)CC1,1
NC(=O)c1ccc2c(ccn2CC(=O)COc2cccc(-c3ccccc3)c2)c1,0
c1cc(-c2nc(N3CCOCC3)c3sccc3n2)c2cn[nH]c2c1,0
C[N+]12CCC(CC1)[C@@H](OC(=O)Nc1ccc(F)cc1-c1cccc(Cl)c1)C2.O=C[O-],0
CCNC(=O)[C@@H]1CCCN1C(=O)[C@H](CCCN=C(N)N)NC(=O)[C@H](CC(C)C)N(C)C(=O)[C@@H](Cc1c[nH]c2ccccc12)NC(=O)[C@H](Cc1ccc(O)cc1)NC(=O)[C@H](CO)NC(=O)[C@H](Cc1c[nH]c2ccccc12)NC(=O)[C@H](Cc1c[nH]cn1)NC(=O)[C@@H]1CCC(=O)N1,1
N#CC1(NC(=O)[C@@H]2CCCC[C@H]2C(=O)N2CCN(c3nc4c(s3)COCC4)CC2)CC1,1
COc1ccc2c(c1)C(c1ccc(Cl)cc1)=N[C@@H](CC(N)=O)c1onc(C)c1-2,0
Cc1ccc(NC(=O)c2c(C)[nH]n(-c3ccccn3)c2=O)cc1,0
Clc1cccc(CN(C2CCOCC2)[C@H]2CCNC2)c1Cl,0
CN1CCN(CC(=O)Nc2sc3c(c2C(=O)NCc2ccccc2)CCCC3)CC1,0
Cc1cc(NCc2ccccn2)n2ncc(-c3cccc(N(C)C)c3)c2n1,0
Nc1nonc1-c1nc2ccccc2n1CC(=O)Nc1ccc(C(=O)N2CCOCC2)cc1,1
Cc1ccc(NC(=O)C(=O)c2c[nH]c3cc(Cl)ccc23)cc1,0
O=C(Nc1ccncc1)c1cn(Cc2ccc(Cl)c(Cl)c2)c(=O)c2cnn(C3CCNCC3)c12,1
Cc1cccc(C#CC=C2CCN(c3ncccc3[N+](=O)[O-])CC2)n1,0
Cc1cc(Nc2nc(NCc3ccc(F)cc3F)nc3cc(Cl)ccc23)n[nH]1,0
CC(c1nc2c(cnn2C2CCOCC2)c(=O)[nH]1)N1CC(Oc2ccc(F)c(C#N)c2)C1,0
CC(Cc1ccc(Oc2cc(N3CCN(Cc4ccccc4)CC3)nc(N)n2)cc1)(Oc1ccccc1)C(=O)O,1
COc1ccc2c(c1)C1CC1(C(=O)N1CC(O)(c3ccc(F)cc3)C1)Cn1c-2c(C2CCCCC2)c2ccc(C(=O)NS(=O)(=O)N(C)C)cc21,1
N#C/C(=C\c1cc(O)c(O)c([N+](=O)[O-])c1)C(=O)Nc1nccs1,0
O=C(Cn1c(=O)ccc2nc(C(F)(F)F)ccc21)Nc1scc(Br)c1-c1ncn[nH]1,1
Cc1c(Nc2c(C#N)cncc2/C=C/c2ccccc2OCCN2CCCC2)ccc2[nH]ccc12,1
CCCCC(NC(=O)[C@H](CCC(=O)O)NC(=O)[C@H](CC(=O)O)NC(=O)[C@H](CO)NC(=O)[C@H](Cc1ccccc1)NC(=O)[C@H](CO)NC(=O)CNC(=O)[C@H](CC(=O)O)NC(=O)CNC(=O)[C@@H](N)Cc1cnc[nH]1)C(=O)N[C@H](Cc1ccccc1)C(=O)N[C@H](C(=O)N[C@H](C(=O)N[C@@H](CC(C)C)C(=O)N[C@@H](CC(=O)O)C(=O)N[C@@H](CC(C)C)C(=O)N[C@@H](CC(C)C)C(=O)N[C@@H](C)C(=O)N[C@@H](C)C(=O)N[C@@H](CCCNC(=N)N)C(=O)N[C@@H](CC(=O)O)C(=O)N[C@@H](Cc1ccccc1)C(=O)N[C@H](C(=O)N[C@@H](CC(N)=O)C(=O)N[C@@H](Cc1c[nH]c2ccccc12)C(=O)N[C@@H](CC(C)C)C(=O)N[C@H](C(=O)N[C@@H](CCC(N)=O)C(=O)N[C@H](C(=O)N[C@@H](CCCCN)C(=O)N[C@H](C(=O)N[C@H](C(=O)N[C@@H](CC(=O)O)C(=O)O)[C@@H](C)O)[C@@H](C)CC)[C@@H](C)O)[C@@H](C)CC)[C@@H](C)CC)[C@@H](C)CC)[C@@H](C)O,1
Cc1cc(/C(CC(c2ccc(C(=O)O)cc2)c2ccccc2C)=N/O)ccn1,0
CC(C)(C)OC(=O)NC12CC3CC(CC(NCC(=O)N4Cc5cc(F)c(F)cc5C4)(C3)C1)C2,1
CCCCN1CCN(C(COCc2cc(C(F)(F)F)cc(C(F)(F)F)c2)c2ccccc2)CC1,1
CC(C(O)c1ccc2c(c1)CCC(=O)N2)N1CCC(O)(c2cccc(COc3ccccc3)c2)CC1,1
CCCNNC(=O)c1cnc(NCc2ccc(OC)cc2)cn1,0
N#CCCn1cc(-c2nc(Nc3ccc4c(c3)CCN4)ncc2F)cn1,0
C[C@H](N[P@@](=O)(OC[C@H]1O[C@@H](n2ccc(N)nc2=O)C(F)(F)[C@@H]1O)Oc1ccccc1)C(=O)OCc1ccccc1,1
CCC[C@]1(C)CN(C2CCC2)C(=O)C(C2=NS(=O)(=O)c3cc(NS(C)(=O)=O)ccc3N2)=C1O,1
CCCOC(=O)[C@H](Cc1ccc(-c2c(C(F)(F)F)cc(C)n(C)c2=O)cc1)NC(=O)c1c(Cl)cccc1Cl,1
C[C@](O)(Cn1ccc2cc(F)c(-c3ccccc3)cc21)C(=O)Nc1ccc(C#N)c(C(F)(F)F)c1,1
C[C@@H]1Cc2cc(O)ccc2[C@@H](c2c(F)cc(/C=C/C(=O)O)cc2F)N1CC(C)(C)F,0
CN1C(=N)N[C@@]2(c3cc(-c4cccc(C#N)c4)cs3)CN(c3ccc(F)cn3)C[C@H]2C1=O,1
Cc1ccccc1-c1ccc2nc(N)c(CC(C)C(=O)NCc3cncs3)cc2c1,0
Cc1cccc(CN2CCn3cc(-c4nc(Nc5ccnn5C)ncc4C)cc3C2=O)n1,0
CNC(=O)c1cccc(F)c1Nc1nc(Nc2ccc3c(c2)NC(=O)C(NC(C)=O)CC3(C)C)ncc1Cl.O=C(O)C(F)(F)F,1
CC(C)(C)OC(=O)N[C@H](CSCC(Nc1ccccc1)C(=O)NCc1cccnc1)Cc1c[nH]c2ccccc12,1
Cc1nccnc1Nc1ccnc2cc(-c3cnc(N4CCCN(C)CC4)nc3)ccc12,0
COc1ccc(-n2c3cssc-3c(NC(=O)c3cc(C(F)(F)F)cc(C(F)(F)F)c3)c2=O)c(OC)c1,1
O/N=C(/c1ccccc1-c1ccccc1)N1CCCCC1,0
Nc1cc(C2CC2)nc2c(Cc3ccccc3)c(=O)[nH]n12,0
O=C(/C=C/c1ccc2c(c1)C(=O)CC1(CCN(Cc3ccccc3)CC1)O2)NO,0
NCCCCN(Cc1nccc2c3ccccc3n(CC(=O)O)c12)[C@H]1CCCc2cccnc21,1
CC(C)Nc1ccnnc1N(C)C1CCN(C(=O)c2cc3cc(NS(C)(=O)=O)ccc3[nH]2)CC1,1
CN(C)c1ccc(C(=O)/C=C/c2ccc3cnccc3c2)cc1,0
COC[C@@H](C)Oc1ccc2c(c1)Cc1cccc(-c3cc(=O)cc(N4CCOCC4)o3)c1S2,1
C=CC(=O)N[C@H]1CCCC[C@H]1Nc1ncc(OCc2c(F)c(OC)cc(OC)c2F)cn1,1
Nc1ncc(-c2cc(N3CCC(F)(F)C3)nc(N3C[C@@H]4C[C@H]3CO4)n2)nc1OC(F)F,1
COc1ccc(C(=O)N2CCC(NC(=O)c3ccccc3Cl)c3ccc(Cl)cc32)cc1OC,1
FC(F)(F)c1cc2cc(c1)Nc1nc(nc(-c3cccc(C(F)(F)F)n3)n1)NCCC/C=C/C2,1
C[C@@H]1CN(C(=O)c2ccccc2)CCN1C(=O)C(=O)c1c[nH]c2ccccc12,0
O=C(O)COC[C@H]1CC[C@H](COC(=O)N(c2ccccc2)c2ccc(F)cc2)CC1,0
COCCOc1nc(N)c2[nH]c(=O)n(Cc3ccccc3)c2n1,0
CC(C)(C)c1ccc(C(=O)NCc2c(F)cc(NS(C)(=O)=O)cc2F)cc1,0
CCn1c(=O)/c(=C2\Sc3cccc(F)c3N2C)s/c1=C\c1ccccn1,0
O=C(O)c1c(-c2ccc[nH]c2=O)c2c3occc3c(F)cc2n1Cc1cc2c(=O)[nH]cnc2cc1F,1
COC(=O)N1CCC(CN(C2Cc3cc(C#N)cnc3N(Cc3cncn3C)C2=O)S(=O)(=O)c2cn(C)cn2)CC1,1
Cc1c(Cl)cccc1S(=O)(=O)N1CCC[C@]1(C)C(=O)NC1CCCCC1,0
CS(=O)(=O)c1ccc(-c2cnc3ccc(-c4cccc(S(C)(=O)=O)c4)nn23)cc1,0
Cc1nc(C)n(CC(=O)N2CCN(c3sc(C(F)(F)F)nc3-c3cnc(C(C)(C)C)nc3)C[C@H]2C)n1,1
NC(=O)[C@@H]1[C@H](Nc2nc(Nc3cccc(C(=O)N4CCCC4)c3)nc3ncsc23)[C@H]2C=C[C@@H]1C2,1
CCNC(=O)Nc1ccc(-c2nc3c(c(N4CCOC[C@@H]4C)n2)CS(=O)(=O)CC3)cc1,1
Cc1nc(C(=O)C(C)Oc2ccc(SCCCCCc3ccccc3)cc2)sc1CCCC(=O)O,1
COCc1cc(OC)c(-c2csc3c(N(CC4CCOCC4)CC4CC4)c(OC)nn23)c(OC)c1,1
CCCCCCCCCCCCCCCCOP(=O)([O-])OCC[N+](C)(C)C,0
COc1ccc2[nH]cc(CCn3cc(NC(=O)c4ncoc4-c4cccc(C)c4)cn3)c2n1,1
CC(C)(C)S(=O)(=O)C[C@H](C1CC1)N1C(=O)[C@@](C)(Cc2ncc(C(F)(F)C(=O)O)s2)C[C@H](c2cccc(Cl)c2)[C@H]1c1ccc(Cl)c(F)c1,1
CC1(COc2ccc(-c3ccc(F)nc3)cn2)CCn2cc([N+](=O)[O-])nc2O1,0
CC(C)c1nnc2ccc(C(=O)c3ccc(F)cc3F)cn12,0
O=C(c1ccc(F)cc1)N1CCc2sccc2C1c1ccc(C(F)(F)F)cc1,0
CN(Cc1ccccc1)Cc1ccc(COc2ccc3c(C(F)F)cc(=O)oc3c2)cc1,0
O=C(c1ccc(F)c(F)c1)N1CCN2C(=O)c3ccccc3[C@@]12c1ccc(N2CC3(C2)CC(F)(F)C3)cc1,1
Cn1c(COc2cccc(C(=O)O)c2)nc2ccc(Oc3ncccc3Cl)cc21,0
[O-][S+](c1ccc(/C=C/c2ccc(F)cc2F)nc1)c1ccccc1F,0
Cn1cnc(-c2ccc(OC3CCN(C(=O)Cc4ccc(OC(F)(F)F)c(F)c4)CC3)c(C(N)=O)c2)c1,1
COc1ccc(Nc2nc(Nc3ccc(N4CCN(C)CC4)cc3)ncc2C(=O)Nc2c(C)cccc2C)c(OC)c1,1
Oc1ccc(Cl)cc1CNCC12CC3CC(CC(C3)C1)C2,0
Cc1cc(NC(=O)OCC(C)C)nn1Cc1cc(Cl)ccc1OCc1ccccc1,0
CC(C)NC(=O)[C@H]1CC[C@@H](n2/c(=N/C(=O)c3ccc(F)c(F)c3)[nH]c3ccc(CN4CCC(C(C)(C)O)CC4)cc32)CC1,1
Cc1nc(N)c2c(n1)OC(C)(C)C(c1ccc([C@H]3CC[C@H](CC(=O)O)CC3)cc1)=N2,0
O=C(c1ccno1)N1CCN(C(=O)[C@H]2CC[C@H](Cn3c(=O)[nH]c4ccccc4c3=O)CC2)CC1,1
O=C(N[C@@H]1CC[C@@]2(S(=O)(=O)c3ccc(F)cc3)c3ccc(C(F)(C(F)(F)F)C(F)(F)F)nc3CC[C@@H]12)C1CCS(=O)(=O)CC1,1
O=C(Nc1ccc(F)cc1F)Nc1cccnc1Oc1cccc(C(F)(F)F)c1,0
NC(=O)C[C@@H](C#Cc1ccccn1)NC(=O)[C@@H]1CCCN1C(=O)C1(c2ccc(OC(F)(F)F)cc2)CC1,1
COc1cnc2ccc([C@@](C)(F)c3nnc4c(F)cc(-c5cc(C)ns5)cn34)cc2c1,0
COc1ccc(C(O)COc2ccc(N3C(=O)[C@@H]4[C@@H]5C=C[C@@H]([C@H]6C[C@@H]56)[C@@H]4C3=O)cc2)cc1,0
CN(C)CCS(=O)(=O)NC(=O)c1ccc(Nc2nc(NC3(c4ccc(Cl)cc4)CC3)nc(OCC(F)(F)F)n2)cc1,1
NC(=O)c1cnc(N[C@H]2CC[C@H](OC(F)F)CC2)nc1N[C@@H]1CCC[C@H](O)C1,0
CCNC(=O)[C@@H]1C[C@@H](NC(=O)c2cc(CC)nn2C)CN1C(=O)c1coc2ccccc12,0
N[C@H]1CC[C@@](CCNc2cc(F)c(S(=O)(=O)Nc3nccs3)cc2Cl)(c2ccccc2)CC1,1
O=C(O)COc1ccc(Cl)cc1CN1CCCN(S(=O)(=O)Cc2ccccc2)CC1,1
O=C(NCC(c1ccccc1)c1ccccc1)c1cccnc1,0
Cc1nc(N[C@H](C)c2ccc(OC(F)(F)F)cc2)nc(N[C@@H]2C[C@H](CO)[C@@H](O)[C@H]2O)c1-c1nc2c(C)nccc2s1.Cl,1
CCNC(=O)c1ccc2c(c1)nc(C)n2[C@H]1CCN(CC2(O)CCCCC2)C[C@@H]1C,0
CC(C)(F)c1ncncc1CNc1ncc(C#N)c(N[C@@H]2C[C@H](O)C2(C)C)n1,0
O=C1COc2c(cc(Cl)cc2[N+](=O)[O-])N1Cc1nnc(-c2ccc(C(F)(F)F)cn2)n1CCC(F)(F)F,1
CN(C)CCn1cc(-c2ccn3c(-c4ccc(C(N)=O)c(OCc5cccc(F)c5)c4)cnc3c2)cn1,1
Cc1ccc([C@@H](C)NC(=O)c2cc([N+](=O)[O-])c(C)c([N+](=O)[O-])c2)cc1,0
Clc1ccc(CCN2CCN(c3nsc4ccccc34)CC2)cc1Cl,0
C[C@H](C(=O)N[C@H](CO)c1cccc(N2CCN(C)CC2)n1)N1Cc2ccc(-c3nc(NC4CCOCC4)ncc3Cl)cc2C1=O,1
CCC(=O)N[C@@H](C)c1ccc(NC(=O)N2CC(c3ccc(N)nc3)C2)cc1,0
NC(=O)c1ccccc1NC(=O)Nc1ccc(F)c(C(F)(F)F)c1,0
C[C@@H]1CN(c2noc(C(F)(F)F)n2)CCN1c1ncc(OCc2ccncc2C#N)cn1,1
Nc1nnc(N2CCC(N3C[C@H](CN4CCCCC4)OC[C@@H]3Cc3ccc(Cl)cc3)CC2)[nH]1,1
O=[N+]([O-])c1ccc(/C=N/N=c2\[nH]c(-c3cccc(Cl)c3)nc3ccccc23)o1,0
CCN/C(=N\S(=O)(=O)c1ccccc1)N1CC(C)(C)C=N1,0
Cc1nc(N)nc(-c2c(Nc3cc[nH]n3)nc3ccc(-c4cncnc4)cn23)n1,0
C=C(C)[C@@H]1CC[C@]2(C(=O)O)CC[C@]3(C)[C@H](CC[C@@H]4[C@@]5(C)CC[C@H](OC(=O)CCc6cn(CC(=O)N[C@@H](CCCNC(=N)N)C(=O)N[C@@H](CCCNC(=N)N)C(=O)N[C@@H](CCCNC(=N)N)C(=O)O)nn6)C(C)(C)[C@@H]5CC[C@]43C)[C@@H]12,1
O=C(c1cc2cccnn2c1-c1cccc(C(F)(F)F)c1)N1CCC[C@H]1CO,0
CCn1c(CO)nn(-c2nc(O[C@@H](C)C(F)(F)F)c(C(=O)Nc3cc(OC)ncc3C)cc2F)c1=O,1
CS(=O)(=O)N1CCN(CCOc2ccc([C@H]3CC[C@]4(CC3)OOC3(O4)C4CC5CC(C4)CC3C5)cc2)CC1,1
CCN(CCN1CCC(c2noc3cc(F)ccc23)CC1)C(=O)C1CC(O)C1,0
C[C@@H](Nc1nc(Cl)nc2c1ncn2[C@@H]1O[C@H](COP(=O)(O)CP(=O)(O)O)[C@@H](O)[C@@H]1F)c1ccccc1,1
Cn1nccc1C(=O)Nc1nc2ccc(C#N)cc2n1CC(F)(F)F,0
COc1cc(C(=O)N2CC[C@H](Oc3ccccc3C(F)(F)F)C2)ccc1-n1cnc(C)c1,1
COC(=O)C1CCCCC1c1ccc(CNc2nccc(C)c2NC(=O)CC#N)cc1,0
CCCCCCCCCCCCCCCC(=O)OC(COP(=O)([O-])OP(=O)([O-])OC[C@H]1OC(n2ccc(N)nc2=O)[C@@H](O)[C@@H]1O)CSCCCCCCCCCC.[Na+].[Na+],1
O=C(Nc1nccs1)C(c1cc(F)ccc1O)N1Cc2ccc(-c3ccc(N4CCNCC4)cc3)cc2C1=O,1
Cc1cc(C(=O)Nc2cc(C(=O)c3ccc4c(/C=C/c5ccccn5)n[nH]c4c3)c(C)cc2C)n(C)n1,1
COc1ccccc1CC(c1ccccc1F)N1CCNCC1,0
COc1ccc2[nH]cc(CCC3c4cc(OC)c(OC)cc4CCN3CC3CCOCC3)c2c1,1
CC[C@H](C(=O)O)[C@@H](c1ccc2c(c1)CN(C(=O)c1c(C)c(C)cc(C)c1C)CC2)c1ccc2c(nnn2CC)c1C,1
COc1cccc(OC)c1-c1cc2c(N[C@H](CO)c3ccccc3)ncnc2s1,0
O=C(O)c1ccc2c(c1)c1cn(C(F)(F)F)nc1n2-c1ccc(C(F)(F)F)cc1,0
CC(C)CS(=O)(=O)n1ccc2c(-c3ccc(C(F)(F)F)cc3)cc(N3CCNCC3)nc21,1
Cc1n[nH]c2cnc(-c3cc(OC[C@@H](N)Cc4c[nH]c5ccccc45)cnc3-c3ccoc3)nc12,1
O=C(Nc1cccnc1)c1cc(-c2cn[nH]c2)ccc1OCc1ccc(F)cc1,0
CCS(=O)(=O)c1ccc(CC(=O)Nc2nc(-c3cccc(C#N)c3)c(Oc3ccccc3C(F)(F)F)s2)cc1,1
CC(C)(C)OC[C@@H]1C(=O)NCCN1C(=O)C[C@H](N)Cc1cc(F)c(F)cc1F,0
Cc1ccc(Oc2ccc(N(C[C@H](NC(C)C)C(=O)NO)S(C)(=O)=O)cc2)cc1,0
O=C(O)[C@@H]1CCCCN1c1nc(-c2cc(-c3ccon3)n(Cc3ccccc3F)n2)ncc1F,1
O=C(NC1CCN(Cc2ccc(OCCCN(C3CC3)C3CC3)c(F)c2)CC1)c1cc(=O)c2ccc(F)cc2o1,1
O=C(Nc1cccnc1)N1CCN(Cc2ccc3c(c2)OC(F)(F)O3)CC1,0
CC1CCCOc2ccnc3[nH]c(=O)n(c23)-c2ccc3nccc1c3n2,0
CN1CCN(S(=O)(=O)C[C@@H](N2C(=O)[C@@](C)(CC(=O)O)C[C@H](c3cccc(Cl)c3)[C@H]2c2ccc(Cl)cc2)C(C)(C)C)CC1,1
COC(=O)[C@@]1(O)CC(=O)N(C)CC/C=C/[C@H](OC)[C@@H]2CC[C@H]2CN2C[C@@]3(CCCc4cc(Cl)ccc43)COc3ccc1cc32,1
COc1ccc(C2(c3cccc(-c4cccnc4)c3)CC(OC)C(N)=N2)cc1,0
CCNC(=O)c1ccc(-c2cnc3c(OCc4ccccc4)cccn23)cn1,0
CNc1nc(N2CCC(N)CC2)c2sc(-c3ccc(C(F)(F)F)cc3)cc2n1,0
Cc1ccccc1COC(=O)[C@@H](NP(=O)(OC[C@H]1O[C@@H](n2cnc3c(=O)[nH]c(N)nc32)[C@](C)(O)[C@@H]1O)Oc1cccc2ccccc12)C(C)C,1
CO[C@H]1CC[C@H](Nc2ncc(C(N)=O)c(N[C@@H]3CCC[C@](C)(O)C3)n2)CC1,0
O=C1Nc2ccccc2C1CCCCN1CCN(c2cccc(Cl)c2)CC1,0
CNc1ccc(-c2nc(=O)n(CCCOC)c3c2oc2ccc(-c4cnn(C)c4)cc23)cn1,1
NC1=NC2(CO1)c1cc(-c3cncc(OCC(F)(F)C(F)F)c3)ccc1OCC21CC1,0
CC(=O)N[C@H]1[C@H](Oc2cccc(C(F)(F)F)c2-c2ccc(F)c(F)c2)O[C@H](CO)[C@H](O)[C@@H]1O,1
Cc1cc(Br)c2c(C(=O)OCC34CCN(CC3)CC4)c[nH]c2c1,0
Fc1ccc2[nH]cc(CCCN3CCN(c4nsc5ccccc45)CC3)c2c1,0
C[C@H](NC(=O)c1cc(F)cnc1Oc1ccc(F)cc1)c1ccc(C(=O)O)cc1,0
CC(C)CC1CNCCN1c1ccc2[nH]ncc2c1,0
O=C1CC2(CCN(C(=O)N[C@H]3C[C@@H]3c3ccccc3)CC2)Oc2ccc(-c3ccncc3)cc21,1
CCCc1ccc(-c2cnc3[nH]cc(C(=O)c4c(F)ccc(NS(=O)(=O)CCC)c4F)c3c2)cn1,1
C[C@@](O)(c1ccc(N2CCN(S(=O)(=O)c3cccs3)C[C@@H]2CN2[C@@H]3COC[C@H]2[C@@H](O)C3)cc1)C(F)(F)F,1
CNc1cc(-c2cc(NC(=O)[C@H](Cc3ccc(F)cc3)NCc3c[nH]nn3)n(C)n2)ccn1,1
CCN(C(=O)Cc1ccc(S(C)(=O)=O)cc1)C1CCN(CCC(c2ccccc2)c2ccc(C#N)cc2)CC1,1
O=C1c2ccc(Cl)cc2-n2c1nc1ccccc1c2=O,0
CCN1C(=O)CNc2ncc(-c3ccc(-c4nc[nH]n4)nc3C)nc21,0
CC(C)(C[C@H]1CN(S(=O)(=O)c2cccc(C(F)(F)F)c2)c2cc(-c3cccc(Cl)c3F)ccc2O1)C(=O)O,1
CC(C)(C)NC(=O)N(CCCCCCN1C[C@H](O)[C@@H](O)[C@H](O)[C@H]1CO)C1CCCCC1,1
CC(C)(O)c1ccc(-c2cccc(N(CC34CCC(c5noc(C(C)(C)F)n5)(CC3)CC4)C(=O)[C@H]3C[C@@](C)(O)C3)c2)cc1,1
CN(C)S(=O)(=O)N1Cc2cc(Cl)ccc2-n2c(nnc2C2CCN(c3ccccn3)CC2)C1,1
CC(C)c1cc(C(C)C)n([C@@H]2CCC[C@H]2OC(=O)Nc2ccc(F)cc2F)n1,0
Cc1ccccc1-n1ncc2c1C(C)(C)CCN([C@H]1C3CC4CC1C[C@@](O)(C4)C3)C2=O,0
COC(=O)Nc1c(N)nc(-c2nc(Cc3ccccc3F)c3ncccn23)nc1N,0
C=CCN1CC(=O)N2[C@@H](Cc3ccc(O)cc3)C(=O)N(Cc3cccc4c(C(=O)NNCC(=O)OCC)cn(C)c34)C[C@@H]2N1C(=O)NCc1ccccc1,1
COc1ccc2nc(C)cc(OCc3nc4cc(C)ccc4o3)c2c1,0
CC(=O)N1CCN(c2cc(N[C@H](C)c3ccc4ccccc4c3)n3nc(C4CCC4)nc3n2)CC1,1
CC(C)C(O/N=C(\C(=O)N[C@@H]1C(=O)N(S(=O)(=O)O)[C@@H]1COC(N)=O)c1csc(N)n1)c1cc(=O)c(O)cn1O,1
C[C@]1(C(=O)[C@H](Cc2ccccc2)NC(=O)[C@H](CO)NC(=O)c2cccc(=O)[nH]2)CO1,0
C[C@]1(CF)C(=N)N[C@](C)(c2nc(NC(=O)c3ccc(C#N)cn3)ccc2F)CS1(=O)=O,1
[18F]CCC1OC2(CCN(Cc3ccccc3)CC2)c2ccccc21,0
COc1ccc2c(OCC[C@@H]3NC(=O)N(C)CCCC/C=C\[C@@H]4C[C@@]4(C(=O)NS(=O)(=O)C4(C)CC4)NC3=O)cc(-c3nc(C(C)C)cs3)nc2c1C,1
Cc1ccc(Cl)cc1Cn1c(C(=O)NCC(C)(C)CO)cc2cc(C#N)ccc21,0
CC(C)OC(=O)C1=CN(C(=O)c2cccc(OCCCN3CCN(C)CC3)c2)CC(C)(C)c2c1[nH]c1ccccc21,1
COc1ccccc1N1CCN(CC(O)CN2C(=O)NC(C)(c3ccc(F)cc3)C2=O)CC1,1
Cc1cnc(NC(=O)[C@H](CC2CCOCC2)c2ccc(S(=O)(=O)C3CC3)cc2)s1,0
CCc1ccccc1C1(Br)C(=O)c2ccccc2C1=O,0
COc1ccc(NC(=O)c2cc3sc(N4CCN(C)CC4)nc3s2)cc1,0
COC(=O)N[C@H](NC(=O)N1CCC[C@H]1c1nc2ccc(-c3ccc4cc(-c5cnc([C@@H]6CCCN6C(=O)[C@@H](NC(=O)OC)C(C)C)[nH]5)ccc4c3)cc2[nH]1)C1CCOCC1.Cl,1
Cc1ccc(C#N)c(S[C@H](CCN)c2ccccc2)n1.O=C(O)/C=C/C(=O)O,0
Cc1ccoc1C(=O)Nc1ccc(F)c(-c2nc3ncccc3o2)c1,0
Cn1cnc(C(=O)N(Cc2ccc(F)c(C(F)(F)F)c2)[C@H]2C[C@H]3CNC[C@H]3C2)c1,0
Cc1cc(CN2C(=O)CN(c3ccc(C(F)(F)F)cc3)C2=O)cc(C)c1OC(C)(C)C(=O)O,1
Cc1cccc(C#CC=C2CCN(S(=O)(=O)c3ccc(C#N)cc3)CC2)n1,0
CNC(=O)c1cc(C(=O)NC)c2c(c1)[C@H](c1ccccc1)[C@@H](CF)O2,0
Cc1cc(C#N)cc(C)c1-n1c(=O)[nH]c2cnc(Nc3ccc(C#N)cc3)nc21,0
CCC(/C=C1\OC(=O)NC1=O)(CC)c1ccc(-c2ccc3cccc(C(F)(F)F)c3c2)[nH]c1=O,1
C[C@@H](O)[C@H]1C(=O)N2C(C(=O)O)=C(S[C@H]3C[C@@H](C(=O)N4CC[C@H](NC(=O)CNC(=N)N)C4)N(C)C3)[C@H](C)[C@H]12,1
CCOC[C@H](Oc1ncnc2c1cnn2-c1ccccc1Cl)C(=O)Nc1cnc(C)cn1,1
C[C@@H]1CN(c2cccnc2C#N)CCN1C(=O)C12CC3CC(CC(C3)C1)C2,0
C[C@@H]1Cc2c([nH]c3ccccc23)[C@@H](c2c(F)cc(NCCN3CC(CF)C3)cc2F)N1CC(F)(F)CO,1
O=C(CCCc1ccc2cccnc2n1)NCc1ccc(-c2cccc(Cl)c2)cc1,0
Cn1ccc2cccc(COc3cccc(-c4c(Cc5ccccc5)nnc5c(C(F)(F)F)cccc45)c3)c21,1
C=CC(=O)N(c1ccc(O[C@@H]2CC[C@@H](N)C2)cc1)[C@@H](C)c1ccc(C(F)(F)F)c(C#N)c1,1
CC[C@H]1OC(=O)[C@H](C)[C@@H](O[C@H]2C[C@@](C)(OC)[C@@H](O)[C@H](C)O2)[C@H](C)[C@@H](O[C@@H]2O[C@H](C)C[C@H](N(C)CCCNC(=O)CCCNc3ccnc4cc(Cl)ccc34)[C@H]2O)[C@](C)(O)C[C@@H](C)CN(C)[C@H](C)[C@@H](O)[C@]1(C)O,1
N#Cc1ccc(NC(=O)c2ccc(CN3C(=O)c4ccc(Cl)cc4NC(=O)[C@H]3Cc3ccccn3)cc2Cl)nc1,1
COc1cc(OC(F)F)cc2c1nc(C)c1c(C)nc(-c3cccnc3C)n12,0
C[N+](C)(Cc1ccc(NC(=O)c2ccc(Cl)c(Cl)c2)cc1)C1CCOCC1,0
CC(C)c1cc(-c2ccn3nc(N)c(C(=O)NC4CC4)c3n2)cc2c1C(=O)N([C@@H](C)C1CC1)C2,1
CN[C@@H](C)C(=O)N[C@H]1CCC[C@H]2C[C@H]3CCN(CC4CCCCC4)C[C@H]3N2C1=O,0
CCN(C(=O)CN(c1cc(N(C)C)ccc1Cl)S(=O)(=O)c1ccc(OC)c(OC)c1)c1cc(C)n(C)n1,1
N#Cc1ccc(-n2ccnc2)c(NC(=O)c2cnc(-c3ccccc3)nc2)c1,0
Cc1nc2n(c(=O)c1CCN1CCN(c3cccc4sccc34)CC1)CCCC2(F)F.Cl,1
COC1(CN2Cc3cc4c(cc3C2)C(=O)N(C2CCC(=O)NC2=O)C4=O)CCN(C(=O)c2ccc(N3CCC4(CC3)C[C@H](C)N(c3ccc(C#N)c(Cl)c3)C4)cc2)CC1,1
Cn1c(N2CCCCC2)cc(-c2ccncn2)cc1=O,0
CCC1(C)C(=O)N(C)c2cnc(-n3ccnc3-c3ccc(F)cc3)nc2N1CCC(F)(F)F,1
CC[C@H](NC(=O)c1c(CS(C)(=O)=O)c(-c2ccccc2)nc2ccccc12)c1ccccc1,1
CN(C)C(C)(C)C(=O)Nc1cc(F)c2c(c1)CC(CNCCC1CN(c3cnc4c(n3)NC(=O)CO4)C(=O)O1)C2,1
Cn1nc(-c2cnc(N)c(-c3ccc(C(N)=O)c(F)c3)n2)nc1C1(c2ccccc2)CC1,0
CCN(Cc1cc(C(F)(F)F)ccc1-c1cc(CC(=O)O)ccc1OC)C(=O)OCc1ccccc1,1
CN(C)CCS(=O)(=O)N1CCC(c2c[nH]c3c(C(N)=O)cc(-c4ccccc4)cc23)CC1,1
Fc1ccc(C(c2ccc(F)cc2)N2CCN(C/C=C/c3ccccc3)CC2)cc1,0
Cc1ccc(C(=O)O)cc1[C@@H]1C[C@H](CN[C@H](C)c2cccc3ccccc23)Oc2ccccc21.Cl,1
N#Cc1ccc2[nH]cc(CCCCN3CCN(c4ncc(-c5cccc(C(N)=O)c5)cn4)CC3)c2c1,1
COc1ccc2cc(C(=O)Nc3ccc(C4CCN(C)CC4)cc3)sc2c1,0
COc1cncc(OC[C@]2(F)CCNC2)c1-c1cc(Nc2cnc(C#N)cn2)n[nH]1,0
CN(C)[C@H]1CC[C@H](Nc2ncnc3[nH]cc(C4CCCO4)c23)CC1,0
CN(C)CC1(c2ccc(Cl)c(Cl)c2)CCCCC1,0
CC#C[C@@H](CC(=O)O)c1ccc(OCc2cccc(-c3ccc(C(F)(F)F)cc3)c2)cc1,0
CN1C[C@H](Cc2ccc(Cl)cc2)N(C2CCN(c3n[nH]c(N)n3)CC2)Cc2ccccc21,1
C[C@]1(O)C[C@@](c2ccc(OC(F)(F)F)cc2)([C@H](O)c2ccccn2)C1,0
CC1=C(C(N)=O)C(c2ccc(N(C)C)cc2)n2nc(SCc3ccc([N+](=O)[O-])cc3)nc2N1,1
CN(C)Cc1ccc2c(c1)CC[C@H](N(C)C(=O)c1ccc(-c3ccc(Cl)cc3)nc1)C2,0
C=CC(=O)N[C@H]1CCN(c2ccc(C(N)=O)c(Nc3ccc(N4CCC(F)(F)CC4)cc3)n2)C1,1
CCOP(=O)(CC)NCCNc1nonc1/C(=N/O)Nc1ccc(F)c(Br)c1,1
Cc1ccc(-c2c[nH]c3ccnc(Nc4ccc(Oc5ccnc6cc(OCC(C)(C)O)ccc56)c(F)c4)c3c2=O)cc1C,1
Cn1c(Br)c(Br)c2c(=O)n(Cc3ccccc3C#N)c(N3CCC[C@@H](N)C3)nc21,1
CCNC(=O)c1cc2c(-c3cc(NC(C)=O)ccc3Oc3c(C)cc(F)cc3C)cn(C)c(=O)c2[nH]1,1
CC(Nc1ccc(F)c(F)c1)c1cc(C(=O)N(C)C)cn2c(=O)cc(N3CCOCC3)nc12,1
CCCSc1nc(N[C@@H]2C[C@H]2c2ccccc2)c2nnn([C@@H]3C[C@H](C(=O)O)[C@@H](O)[C@H]3O)c2n1,1
CC1(C)NC(=S)N(c2ccc(C#N)c(Cl)c2)C1=O,0
Cc1cc(CCNc2ncc(-c3nnc(C4CC4)o3)c(Nc3ccccc3)n2)ccn1,0
C[C@H](Cc1ccc(F)c(F)c1)n1c(-c2ncccc2O)nc2ccnc(C(F)(F)F)c2c1=O,1
CN1C[C@@H](c2ccc(-c3ccc4c(c3)OC[C@H]3[C@H](CO)OC(=O)N43)cn2)OC1=O,0
COCCC(C(=O)Nc1ccc2nn(C)cc2c1)n1cc(OC)c(-c2cc(Cl)ccc2C2=NOCC2)cc1=O,1
C/C(=C\c1csc(C)n1)[C@@H]1C[C@@H]2O[C@]2(C)CCC[C@H](C)[C@H](O)[C@@H](C)C(=O)C(C)(C)[C@@H](O)CC(=O)N1,1
c1ccc2[nH]cnc2c1,0
CC(C)[C@H](NS(=O)(=O)c1ccc2c(c1)sc1cc(NC(=O)NCCc3cccs3)ccc12)C(=O)O,1
C[C@@H](O)c1nc2cnc3[nH]ccc3c2n1C1CCCCC1,0
Nc1nc2c(ncn2[C@@H]2O[C@@H]3CO[P@@](=O)(S)O[C@H]4C[C@H](Oc5ccncn5)C[C@@H]4CO[P@@](=O)(S)O[C@@H]2[C@@H]3O)c(=O)[nH]1,1
COc1ccc2c(c1O)CCCC(CCC#N)=C2c1cc(OC)c(OC)c(OC)c1,0
C[C@@H](CN1CCC2(CC1)NC(=O)Nc1ccccc12)NC(=O)c1ccc(F)cc1,0
Cc1ccc(NC(=O)C2(c3ccccc3C(C)C)CN(C(=O)CNCCO)C2)c(OC(F)F)n1,1
Cc1ccc([C@H](C)NC(=O)Cn2nnc3ccc(C)cc3c2=O)cc1,0
O=C(Nc1cccc2cccnc12)c1ccc(N2C(=O)CCC2c2ccc(F)cc2)cc1,0
O=C(N[C@H]1c2ccccc2OC[C@H]1O)[C@H](Cc1cccnc1)C[C@H](O)CN1CCN(Cc2cc3ccccc3o2)C[C@H]1C(=O)NCC(F)(F)F,1
C[C@H](Oc1cc2cc(F)cc(F)c2nc1N)c1[nH]c(=O)ccc1-n1cccn1,0
CCCS(=O)(=O)Nc1ccc(F)c(Nc2ccc3ncn(C)c(=O)c3c2Cl)c1Cl,1
Cc1cc(NCc2nccn2C)n2nc(C)cc2n1,0
O=C1CCc2cc(C(=O)NC[C@H]3CC[C@@H](CCOc4ccccc4)CC3)ccc2N1,0
CCC(CC)(COc1ccc2cc([C@H]([C@@H](C)N(C)C)n3ccnc3)ccc2c1)C(=O)O,0
CN1CCC(Nc2ccc3ncc(-c4ccc(Nc5ncccc5F)nc4)n3n2)CC1,0
CC(=O)N[C@@H](C)C(=O)N[C@@H](CCC(N)=O)C(=O)N[C@@H](CC(C)C)C(=O)N[C@@H](CC(C)C)C(=O)N[C@@H](C)C(=O)N[C@@H](Cc1ccc(O)cc1)C(=O)N[C@@H](Cc1ccc(O)cc1)C(=O)N[C@@H](Cc1ccccc1)C(=O)N[C@H](C(=O)N[C@@H](CCC(=O)O)C(=O)N[C@@H](CC(C)C)C(=O)N[C@@H](CCCCN)C(=O)NCC(=O)N[C@@H](CCCNC(=N)N)C(=O)N[C@@H](CCCCN)C(=O)N[C@@H](CCCCN)C(=O)N[C@@H](CCCNC(=N)N)C(=O)N[C@@H](CCCNC(=N)N)C(=O)N[C@@H](CCC(N)=O)C(=O)N[C@@H](CCCNC(=N)N)C(=O)N[C@@H](CCCNC(=N)N)C(=O)N[C@@H](CCCNC(=N)N)C(=O)N1CCC[C@H]1C(=O)N1CCC[C@H]1C(=O)N[C@@H](CCC(N)=O)C(N)=O)[C@@H](C)O,1
O=C(NNS(=O)(=O)c1ccccc1F)c1cccc(-c2ccco2)c1,0
Nc1ccn([C@@H]2O[C@H](COP(=O)(S)O[C@H]3[C@@H](O)[C@H](n4cnc5c(N)ncnc54)O[C@@H]3COP(=O)(S)O[C@H]3[C@@H](O)[C@H](n4ccc5c(=O)[nH]c(N)nc54)O[C@@H]3COP(=O)(S)O[C@H]3[C@@H](O)[C@H](n4ccc(=O)[nH]c4=O)O[C@@H]3COP(=O)(S)O[C@H]3[C@@H](O)[C@H](n4ccc5c(=O)[nH]c(N)nc54)O[C@@H]3COP(=O)(S)O[C@H]3[C@@H](O)[C@H](n4cnc5c(N)ncnc54)O[C@@H]3COP(=O)(S)O[C@H]3[C@@H](O)[C@H](n4cnc5c(N)ncnc54)O[C@@H]3CO)[C@@H](OP(=O)(S)OC[C@H]3O[C@@H](n4ccc5c(=O)[nH]c(N)nc54)[C@H](O)[C@@H]3OP(=O)(S)OC[C@H]3O[C@@H](n4ccc(N)nc4=O)[C@H](O)[C@@H]3OP(=O)(S)OC[C@H]3O[C@@H](n4ccc(=O)[nH]c4=O)[C@H](O)[C@@H]3OP(=O)(S)OC[C@H]3O[C@@H](n4ccc(=O)[nH]c4=O)[C@H](O)[C@@H]3OP(=O)(S)OCC(O)COP(=O)(S)O[C@H]3[C@@H](O)[C@H](n4ccc(=O)[nH]c4=O)O[C@@H]3COP(=O)(S)O[C@H]3[C@@H](O)[C@H](n4ccc(=O)[nH]c4=O)O[C@@H]3COP(=O)(S)O[C@H]3[C@@H](O)[C@H](n4ccc(N)nc4=O)O[C@@H]3COP(=O)(S)O[C@H]3[C@@H](O)[C@H](n4ccc5c(=O)[nH]c(N)nc54)O[C@@H]3COP(=O)(S)O[C@H]3[C@@H](O)[C@H](n4ccc(N)nc4=O)O[C@@H]3COP(=O)(S)O[C@H]3[C@@H](O)[C@H](n4cnc5c(N)ncnc54)O[C@@H]3COP(=O)(S)O[C@H]3[C@@H](O)[C@H](n4ccc5c(=O)[nH]c(N)nc54)O[C@@H]3COP(=O)(S)O[C@H]3[C@@H](O)[C@H](n4ccc(=O)[nH]c4=O)O[C@@H]3COP(=O)(S)O[C@H]3[C@@H](O)[C@H](n4ccc5c(=O)[nH]c(N)nc54)O[C@@H]3COP(=O)(S)O[C@H]3[C@@H](O)[C@H](n4cnc5c(N)ncnc54)O[C@@H]3COP(=O)(S)O[C@H]3[C@@H](O)[C@H](n4cnc5c(N)ncnc54)O[C@@H]3CO)[C@H]2O)c(=O)n1,1
CC(C)COc1ccc(CN2CC3(CCN(C(=O)Cc4n[nH]c5ccccc45)CC3)C2)cc1,1
COc1ccc2c(c1)N(CCCCCN1CCC3(CCN(C)CC3)CC1)c1ncccc1S2,1
CN[C@@H]1CCN(c2nc(N)nc3c2CCCc2ccccc2-3)C1,0
CNC(=O)c1c(-c2ccc(F)cc2)oc2ccc(-c3cc(C(=O)NC4(c5ccccn5)CC4)ccc3C)cc12,1
COc1cc(C2=N[C@@](c3ccc(F)cc3)(c3ccc(F)nc3)[C@H](C)N2)c[nH]c1=O,0
CCOc1ccc(-c2nnc(SCC(=O)Nc3cc(C)cc(C)c3)[nH]2)cc1C,0
CS(=O)(=O)Cc1cc(N2CCOCC2)nc(-c2ccccc2)n1,0
CN1CCN(c2ccc(C(=O)N3CCN(C(=O)C[C@H](N)Cc4cc(F)c(F)cc4F)CC3)cc2)CC1,1
O=c1[nH]cnc2c(-n3cc(CCO)cn3)nccc12,0
Cc1ccccc1CO[C@H]1CC[C@@H](NC(=O)NC23CC4CC(CC(C4)C2)C3)CC1,0
CCC(=O)NCCC1CCc2ccc3nc(C)sc3c21,0
Clc1nc(NCc2ccccn2)c2c(-c3ccccc3)cccc2n1,0
CN1c2ccc(-c3cnc(N)c(Cl)c3N3CCC4(CC3)CNC(=O)O4)cc2CS1(=O)=O,1
Cc1ccc(Cn2ccc3c(OC4CCN(Cc5cscn5)CC4)ncnc32)cc1,0
COc1cc2nn([C@H]3CC[C@H](CN(C)CCCO[C@H]4C[C@H](Nc5cccc6c5C(=O)N(C5CCC(=O)NC5=O)C6=O)C4)CC3)cc2cc1NC(=O)c1cccc(C(F)(F)F)n1,1
N#Cc1c(-c2ccccc2)cc2[nH]nc(-c3ccccc3)c2c1-c1ccccc1,0
CCNc1cc2oc(-c3ccc(F)cc3)c(C(=O)NC)c2cc1-c1ccc(OC)c(C(=O)NC2(c3ncccn3)CC2)c1,1
O=[N+]([O-])c1cn2c(n1)OC[C@H](OCc1ccc(-c3ccc(OC(F)(F)F)cc3F)nc1)C2,1
OC1C2CC3CC1CC(C2)C3(Cc1nnn[nH]1)c1ccc(-c2ccccc2F)cc1,0
C=CCCl,0
OC(c1cc(C(F)(F)F)nc2c(C(F)(F)F)cccc12)C1CCCCN1,0
CCCC1Oc2ccc(-c3c(N)nc(N)nc3CC)cc2N(CCCOC)C1=O,0
Nc1ncnc2c1ncn2[C@@H]1O[C@H](CO)[C@@H](O)[C@H]1O,0
N#CC[C@]1(n2cc(-c3nc(-c4cc[nH]n4)cn4nccc34)cn2)C[C@H](C#N)C1,0
CCCOCCn1c(=O)c(NCCNCCO)nc2cnc(-c3ccc(OC)nc3)cc21,1
CCCS(=O)(=O)Nc1ccc(F)c(C(=O)c2c[nH]c3ncc(-c4ccc(N5CCCC5)nc4)cc23)c1F,1
C[C@H]1CN(Cc2ccc(CC(=O)N3CCC(Nc4cccc(C#N)c4)CC3)cc2)CCN1,0
CC(C)C1c2cn[nH]c2C(F)(F)CN1S(=O)(=O)c1ccc(Cl)cc1,0
O=c1cc(CP(=O)(O)O)c2c(Br)cc(Br)cc2[nH]1,0
O=C(Nc1nccs1)C(c1ncn2c1CCC2)N1Cc2c(Cl)cccc2C1=O,0
Cc1nnn(C)c1-c1cnc2c3ccc(C(C)(C)O)cc3n([C@H](c3ccccc3)C3CCOCC3)c2c1,1
O=C1CC2(CCN(C(=O)N[C@H]3C[C@@H]3c3ccccc3)CC2)Oc2ccccc21,0
Cc1c2oc3c(C)ccc(C(=O)N[C@@H]4C(=O)N[C@H](C(C)C)C(=O)N5CCC[C@H]5C(=O)N(C)CC(=O)N(C)[C@@H](C(C)C)C(=O)O[C@@H]4C)c3nc-2c(C(=O)N[C@@H]2C(=O)N[C@H](C(C)C)C(=O)N3CCC[C@H]3C(=O)N(C)CC(=O)N(C)[C@@H](C(C)C)C(=O)O[C@@H]2C)c(N)c1=O,1
OC1C2CC3CC1CC(C2)C3(Cc1nnn[nH]1)c1ccc(Oc2ccccc2)cc1,0
COc1ccc2c(c1)COC(=O)N2C1CCN(CC(=O)Nc2ccc3ncccc3c2)CC1,1
CCC(=O)N(Cc1ccc(OC(F)(F)F)cc1)c1cc(F)cc(-c2nnn[nH]2)c1,0
CN(C)Cc1cnccc1-c1ccc(-c2ccc3c(C(N)=O)nn(-c4ccc5onc(N)c5c4)c3c2F)c(F)c1,1
COC(=O)Nc1nc(C)c(S(=O)(=O)N2CCN(C[C@H](C)Nc3ncnc4c(-c5sc(C)nc5C)cccc34)CC2)s1,1
Cn1cc2c(n1)c(=O)n(-c1cccnc1C1CC1)c1cc(Cl)c(F)cc21,0
COc1ccc(C(=O)C2CCN(CC(=O)N(Cc3nc4c(c(=O)[nH]3)COCC4)CC3CC3)CC2)cc1,1
NCC1(c2ccc(-c3ccccc3)cc2)CCCCC1,0
O=C(Cn1ccc(N2CCOCC2)nc1=O)NCc1cc2cc(C(=O)N3CCC(N4C(=O)OCc5ccccc54)CC3)ccc2o1,1
CCCCc1cc(=O)n2nc(NCc3c(F)cc(Cl)cc3F)c(C#N)c2[nH]1,0
CCC(C)(C)C(=O)Nc1cc(C)c(C)c(S(=O)(=O)N2CCS(=O)(=O)CC2)c1,0
[C-]#[N+]c1ccc(C(=O)N2CCn3c(-c4nc(C)ns4)nnc3[C@H]2C)cc1,0
CC(C)(C)CNCc1cc(Cl)ccc1Cn1c(=S)[nH]c(=O)c2[nH]ccc21,0
CC(C)(O)c1cccc(CN[C@H]2CS(=O)(=O)C[C@@H](Cc3cc(F)c(N)c(OC(C(F)(F)F)C(F)(F)F)c3)[C@@H]2O)c1,1
C[C@](O)(c1cncc(-c2nc3ccc(F)cn3c2C2CC2)c1)C(F)(F)F,0
CN1CC(S(=O)(=O)c2ccc3c(c2)nc(CC(C)(C)C)n3CC2(O)CCOCC2)C1,0
Fc1ccc(CN2CCN(C3=Nn4c(nnc4C(F)(F)F)CC3)CC2)cc1,0
CCCCNc1nc(N)nc2cccc(OCc3ccccn3)c12,0
O=C(N[C@H]1CN(S(=O)(=O)c2ccccc2)C[C@@H]1C(=O)N[C@H]1CCCNC1)c1cc(-c2ccccc2Cl)on1,1
CCCS(=O)(=O)Nc1ccc(F)c(C(=O)c2c[nH]c3ncc(-c4cccc(S(C)(=O)=O)c4)cc23)c1F,1
CCOc1cc(-c2cncnc2)cnc1Nc1cccc(C)n1,0
COc1ncc(C2=CCOCC2)cc1S(=O)(=O)Nc1cncc(-c2ccc(CN(C)C)cc2)c1,1
O=C(N[C@@H](c1ccccn1)c1ncccc1C(F)(F)F)c1ccc2cccnc2c1,0
Cc1c(OCCCCOc2ccc(C(=O)O)cc2Cl)ccc(C(=O)CC(C)C)c1O,0
O=C1c2cc(F)ccc2[C@@]2(CCN(Cc3ccc(F)cc3)C2=O)N1Cc1cc2cccnc2[nH]1,1
CC1(C)Oc2ccc(NC(=O)c3ccc(F)cn3)cc2C2(COC(N)=N2)C12COC2,0
COc1ccc(C(=O)N2CCC(=CC(=O)N[C@@H]3CCN(Cc4ccc5cc(F)ccc5c4)C3)CC2)cc1OC,1
CC(C)(O)c1ccc(-c2cn3cccc3c(=O)[nH]2)cc1,0
CC(=O)N[C@H]1CC[C@H](n2c(C)nc3cnc4[nH]ccc4c32)CC1,0
CCNC(=O)Nc1ccc(-c2nc3c(c(N4CCOCC4)n2)CS(=O)(=O)C3)cc1,0
OC(Cn1cnnn1)(c1ccc(F)cc1F)C(F)(F)c1ccc(C#Cc2ccc(OCc3ccc(F)cc3)cc2)cn1,1
Cc1ccc(-c2nn(C)c(=O)o2)cc1-c1ccc(NC(=O)c2c(F)cccc2F)cc1,0
C[C@H](N[P@](=O)(OC[C@H]1O[C@@H](n2ccc(N)nc2=O)C(F)(F)[C@@H]1O)Oc1ccccc1)C(=O)OCc1ccccc1,1
CCn1c(CO)nn(-c2nc(O[C@@H](C)C(F)(F)F)c(C(=O)Nc3c(C)ccnc3Cl)cc2F)c1=O,1
Cn1cnc(C(=O)N(Cc2cccc(OC(F)(F)F)c2)[C@H]2C[C@H]3CNC[C@H]3C2)c1,0
CC1CNCCN(S(=O)(=O)c2ccc(NC(=O)NCc3cccnc3)cc2)C1,0
COc1ccc(-c2nn(C3Cc4ccccc4C3)c3ncnc(N)c23)cc1O,0
COc1ccc(C[C@@H]2COCCN2C(=O)c2ccccc2-n2nccn2)cc1-c1cnccn1,1
CCN1CCN(CCC(=O)Nc2ccc(S(=O)(=O)N(CC(N)=O)c3ccc(N(CC(N)=O)S(=O)(=O)c4ccc(OC)cc4)c4ccccc34)cc2)CC1,1
CCCCCC(C)NCc1coc(-c2ccc(OCCc3ccccc3)cc2)n1,0
COCCn1c(=O)n(C)c2cnc3ccc(-c4ccc(NC(=O)NCCN5CC(F)C5)cc4)cc3c21,1
O=C(NC(c1ccccc1)c1cccc(C(F)(F)F)c1)c1ccc(C(F)(F)F)[nH]c1=O,1
COC(=O)c1cc(/C(=C\CCc2nnc(C)o2)c2cc(C)c3onc(OC)c3c2)cc(C)c1OC,1
O=C(c1ccc2cc(Oc3ccc(C(F)(F)F)cn3)ccc2n1)N1CCNCC1,0
Cc1ccc(-n2nc(C(C)(C)C)cc2NC(=O)Nc2ccc(-c3ccc(N)nc3)cc2)cc1,1
COc1cc(Nc2ncc(CCc3c(F)c(OC)cc(OC)c3F)cn2)ccc1N1CCN(C2CCN(C)CC2)CC1,1
CC(C)N1CCC(Oc2ccc(N3CCN(C(=O)c4ccc(C#N)cc4)CC3=O)cc2)CC1.O=CO,1
CC#C[C@@H](Cc1nnn[nH]1)c1ccc(OCc2ccc3scc(-c4ccc(OCCCS(C)(=O)=O)cc4C)c3c2)cc1,1
COc1ccc(CN2CCc3nc(-c4ccccn4)nc(NCCCn4ccnc4)c3C2)cc1,1
CC(=O)Nc1cc(Nc2cc(NC3CCC3)n3ncc(C#N)c3n2)ccc1C,0
CCCC[C@H](CO)NC(=O)c1c(C)nc2c(OCc3c(F)cccc3F)cc(Cl)cn12,1
O=c1[nH]c2c(O)ccc([C@@H](O)CNCCCOCCNCCc3cccc(Cl)c3)c2s1,1
COc1ccc(-c2noc(CC(=O)NCCCCC(=O)OC[C@H]3OC(O)[C@H](O)[C@@H](O)[C@H]3O)c2-c2ccc(OC)cc2)cc1,1
Cc1ccccc1C(=O)Nc1ccc(NC(=O)c2ccccn2)cc1Cl,0
Cc1cccc(C)c1COC(c1ccc([C@]2(S(=O)(=O)c3ccc(F)cc3)CCN(C(=O)[C@H]3CC[C@H](C(=O)O)CC3)C2)cc1)(C(F)(F)F)C(F)(F)F,1
Clc1ccc(Cn2c(/C=C/C3CCN(CC4CCCCC4)C3)nc3cc(Br)ccc32)cc1,1
COc1ccc(CCN2C(=O)N(NS(C)(=O)=O)CC2c2ccc(Cl)cc2)cc1,0
C[C@@H]1CN(Cc2ccc(F)cc2)[C@@H](C)CN1C(=O)COc1ccc(Cl)cc1CS(=O)(=O)O,1
Cc1nc2c(-c3ccc(F)cc3)cnn2c(NCc2ccccn2)c1S(C)(=O)=O,0
COC(=O)N[C@H](C(=O)N[C@@H](Cc1ccc(-c2ccc(OC)nc2)cc1)[C@@H](O)C[C@@H](Cc1ccccc1F)C(=O)N[C@H]1c2cc(C)ccc2OC[C@H]1O)C(C)(C)C,1
N#Cc1cc(Cl)cc(-c2cc(-c3ccccn3)ncn2)c1,0
COc1ccc(-c2ccccc2N2CCN(CCOCCC(=O)NCc3cccnc3)CC2)cc1,1
CC(C(=O)N1CCc2ccccc2C1(C)C)N1CCN(S(=O)(=O)c2ccc(C(C)(C)C)cc2)CC1,1
O=C(NCc1cccnc1)Nc1ccc(C(=O)c2ccccc2)cc1,0
CC(C)N(CCCCn1ncc2c(NC(=O)C34CC5CC(CC(C5)C3)C4)ncnc21)C(C)C,1
O=C(NS(=O)(=O)CCNCc1ccccc1)c1ccc(Nc2nc(NC3(c4ccc(Cl)cc4)CC3)nc(OCC(F)(F)F)n2)cc1,1
CC(C)(C)c1cccc(CN[C@H]2CS(=O)(=O)C[C@@H](Cc3ccc(N)c(Br)c3)[C@@H]2O)c1,1
O=C(NCc1ccccc1)[C@H](Cc1c[nH]c2ccccc12)NCc1ccc(Oc2ccccc2)cc1,1
CCOC(=O)c1cn(-c2c([N+](=O)[O-])ncn2C)nn1,0
C[C@H](NC(=O)c1cccc(F)c1)c1ccc(NC(=O)N2CC(c3cncc(N)c3)C2)cc1,0
O=c1cc2c(nn1Cc1ccccc1Cl)CCNCC2,0
CCCOC(c1ccc(Cl)cc1)C(SC(C)(C)C)n1cnc(C)c1,0
CC(C)/N=C(\NC1=NC(=O)CN1C(C)C)Nc1ccc(Cl)c(Cl)c1,0
N#Cc1ccc(-c2ccc(C3=NOC(c4ccccc4-c4cncnc4)N3c3ccc(N4CCNCC4)cc3)o2)cc1,1
C[C@H](c1ccc(F)cc1)N(Cc1cccc(C(=O)O)c1)C(=O)c1cnc2ccccc2c1,0
CNc1nc(SCC(=O)N(C)Cc2ccc(Cl)s2)nc2ccccc12,0
CCn1ccnc1-c1cc2ccccc2o1.Cl,0
COc1cccc(F)c1-c1cc2c(-c3cnn(C)c3)n[nH]c2cn1,0
Cc1cnc(-c2cc(Cl)ccc2F)cc1Nc1ccnc2cn(CC(N)=O)nc12,0
CCS(=O)(=O)NCc1cc(-c2cc(C)c(=O)n(C)c2)cc2c1[nH]c(=O)n2Cc1ccccc1,1
C[C@@H]1CN(c2ccc(C#N)cc2)CCN1c1nccc(C(=O)NC2C3CC4CC2CC(O)(C4)C3)n1,1
CCCCCCCn1c2c([n+](Cc3ccccc3)c1C)C(=O)c1ccccc1C2=O.[Br-],1
COc1cc(NC2CN(CCCF)C2)cnc1[C@@H]1c2ccc3[nH]ncc3c2C[C@@H](C)N1CC(F)(F)F,1
COc1cc(F)c(O[C@H]2CC[C@@H](C(=O)O)CC2)cc1C(=O)N[C@H]1[C@@H](C(=O)Nc2cccc(S(=O)(=O)C(F)(F)F)c2)[C@@H]2C=C[C@H]1C2,1
Cc1cc(O)cc(C)c1C[C@H](N)C(=O)N[C@@H]1CCCCNC(=O)C[C@@H](C(N)=O)NC(=O)[C@H](Cc2ccccc2)NC(=O)[C@H](Cc2ccc(F)cc2F)NC1=O,1
O=C(NCc1ccccc1)c1ccc(NC(=O)N2Cc3ccccc3C2)cc1,0
CSC(=S)N1CC2(CCCCC2)CS/C1=N\c1cccc2ncccc12,0
CNCc1cc(Oc2ccc3c(ccn3C(=O)Nc3cc(C4(C)CC4)on3)c2)ncn1,0
N[C@@H](Cc1ccc(-c2ccc(F)cc2)cc1)C(=O)N1CCSC1,0
CCS(=O)(=O)N1CCC(CNC(=O)c2ccc(Cl)cc2Cl)(CC2CC2)CC1,0
O=C([C@@H]1CNC[C@]12CCCc1nc(Cl)ccc12)N1CC[C@@H](c2ccccc2)C[C@H]1C1CCCCC1,1
CCSc1cc([C@H](c2cc3cc(Br)ccc3nc2OC)[C@@](O)(CCN(C)C)c2cc(OC)nc(OC)c2)cc(N(C)C)n1,1
Cc1ccc(-c2ncc3c(n2)N2CCOC[C@@]2(C)C(=O)N3[C@H]2CC[C@H](O)CC2)c2cc[nH]c12,1
CC(C)n1c(=O)c(C(=O)N[C@H]2C[C@H]3CC[C@@H](C2)N3C[C@@H](O)CN2CCN(S(C)(=O)=O)CC2)cc2ccccc21,1
CSC(=S)N1CC2(CCCCC2)CS/C1=N\c1cccc2nsnc12,0
COc1cccc(N(C)C(=O)c2nnn(Cc3ccc(CN4CCOCC4)cc3)c2N)c1,0
O=C(NCCc1ccccc1)c1cc(-n2ncc(=O)[nH]c2=O)ccc1Cl,0
O=S(=O)(c1ccc(Cl)cc1)N1Cc2c[nH]nc2-c2ccccc21,0
Cc1cc(Nc2ccc(C(C)(C)C)c(F)c2)n2ncnc2n1,0
CNC(=O)C1Cc2cc(F)c(F)cc2N1C(=O)COc1ccc(F)cc1,0
Cn1nccc1[C@]1(CNC(=O)c2ccc(F)cc2-c2ccc(C(F)(F)F)cc2)NC(=O)NC1=O,1
CC(CNC(=O)Cc1cccc(F)c1F)C1CCN(C(=O)OC(C)(C)C)CC1,0
CCCCC1CNCCN1c1ccc2[nH]ncc2c1,0
CS(=O)(=O)c1ccc(N2CCN(C(=O)c3cc(S(C)(=O)=O)ccc3N3CCCCC3)CC2)c(F)c1,1
CC(C)(CO)n1cc(C(=O)c2cncc(NC(=O)Cc3ccc(Cl)cc3)c2)c2cnc(N)nc21,1
O=[N+]([O-])c1cn2c(n1)OC[C@@H](Oc1ccc(-c3ccc(OC(F)(F)F)cc3)cc1)C2,0
O=C(CCS(=O)(=O)c1ccc2cc(Cl)ccc2c1)N1CCC(N2CCCNC2=O)CC1,1
COCc1nnc(-c2cnc(-c3ccc(C#N)cc3C)cn2)n1-c1ccc(OC)nc1,0
Fc1ccc2[nH]cc(CCC3c4cc5c(cc4CCN3CC3CCOCC3)OCO5)c2c1,0
Cc1n[nH]c(-c2ncc3c(N4CCOCC4)ccnc3c2O)n1,0
O=C(Nc1ccccc1F)C(=O)N1CC2(CC2)C[C@H]1C(=O)N[C@@H](C[C@@H]1CCNC1=O)C(=O)COC(F)(F)F,1
Fc1cc(Cl)ccc1-n1c(-c2cnc(N3CCOCC3)nc2)nc2ccncc21,0
C=CC(=O)NCCOc1cc(Cc2ccccc2)cc2[nH]c(-c3n[nH]c4cc(C(F)F)ccc34)cc12,1
C[C@@]1(COc2ccc(OC(F)(F)F)cc2)Cn2cc([N+](=O)[O-])nc2O1,0
O=C(NS(=O)(=O)c1ccc(F)cc1)c1ccc(Nc2nc(NC3(c4ccc(Cl)cc4)CC3)nc(OCC(F)(F)F)n2)cc1,1
Nc1ccc(-c2cnc(N)c(-c3ccc(Cl)cc3)c2)cn1,0
COc1ncc(-c2cc3c(C)nc(N)nc3s2)cc1NS(=O)(=O)c1ccc(F)cc1F,1
CCN1Cc2ccc(OC)cc2C[C@@H]1C(=O)Nc1cc(F)c(-c2cn[nH]c2)cc1OCCN(C)C,1
C[C@@H]1CC(=O)Nc2ncnc(N3CCN(C(=O)[C@H](CNC4CC4)c4ccc(Cl)cc4)[C@@H]4C[C@@H]43)c21,1
O=C(c1cnc(NC2(c3cncnc3)CC2)nc1)N1CCC2(CCOCC2)C1,0
CC(Nc1cc(F)cc(F)c1)c1cc(C(=O)N(C)CCO)cc2c(=O)cc(N3CCOCC3)oc12,1
[18F]C1CCN(Cc2ccc(OCCCN3CCCCC3)cc2)CC1,0
CN(CCc1cccnc1)Cc1ccc(COc2ccc3c(CO)cc(=O)oc3c2)cc1,0
CS(=O)(=O)Nc1ccc2c(c1)S(=O)(=O)N=C(C1=C(O)[C@H]3CCCC[C@H]3N(Cc3ccc(F)cc3)C1=O)N2,1
COc1ccccc1/C=C1\CC(=O)N(CCCCCCC(=O)NO)C1=O,0
O=C(O)CCNC(=O)c1ccc(Cn2nc(-c3cc(Cl)cc(Cl)c3)cc2-c2ccc(OC(F)(F)F)cc2)cc1,1
Cl.Cl.O=C(/C=C/c1ccc2c(c1)nc(CCc1ccccc1)n2CCN1CCCCC1)NO,1
CN1C(=O)[C@@H](NC(=O)[C@H](CCC(F)(F)F)[C@@H](C(N)=O)c2cccc(OC(F)(F)F)c2)N=C(c2ccccc2)c2ccccc21,1
CNc1ncnc2c1ccn2[C@@H]1O[C@H](CO)[C@@H](O)[C@H]1O,0
COc1cc(CN(CC(C)C)[C@H](CC(=O)O)c2ccc(Cl)cc2)ccc1OCCn1c(=O)ccn(C)c1=O,1
C[C@@H](C1CC1)N1Cc2cc(-c3ccn4nc(N)c(C(=O)N[C@H]5CC[C@@](C)(O)CC5)c4n3)cc(OC(F)(F)F)c2C1=O,1
COCCCc1cc(CN(C(=O)[C@H]2CNCC[C@@H]2c2ccc(OCCOc3c(Cl)cc(C)cc3Cl)cc2)C2CC2)cc(OCCN(C)C)c1,1
CCNC(=O)c1cc2c(-c3cc(S(=O)(=O)CC)ccc3Oc3ccccc3C(C)(C)C)cn(C)c(=O)c2[nH]1,1
O=C(O)c1cn(C2CC2)c2c(F)c(N3CCOCC3)c(F)cc2c1=O,0
CC(C)c1ccc(COc2ccc(N(CCN)C(=O)c3cccnc3C(F)(F)F)cc2)cc1.Cl,1
Cc1c(-c2ccc(N3CCC(F)(F)C3)cc2)[nH]c2cc(F)cc(F)c2c1=O,0
O=C(O[C@@H]1COc2nc([N+](=O)[O-])cn2C1)N1CCN(c2ccc(OC(F)(F)F)cc2)CC1,1
CC(=O)Nc1nc(C(CCN2CCC(c3ccccc3)CC2)C(=O)NCc2cc(C(F)(F)F)cc(C(F)(F)F)c2)cs1,1
C[C@H](CO)Nc1nc(-c2ccc(Cl)c(Cl)c2)c2c(N)c(C(N)=O)sc2n1,0
Fc1cccc(-n2cnc3c(NCc4nc(-c5ccccc5)cs4)nc(N4CCOCC4)nc32)c1,1
N[C@@H](CC(=O)N1CCn2c(nnc2C(F)(F)F)C1)Cc1cc(Cl)ccc1F,0
C[C@H]1CC[C@@H](C(=O)NCc2cc(-c3ccc(C(F)(F)F)nc3)ncn2)N1S(=O)(=O)c1ccc(F)cc1,1
CC(C)(C)CCC1(C(=O)c2cc(F)c3[nH]ccc3c2)CCNC1,0
O=C/C(=C(/Cl)C(=O)O)C(Cl)Cl,0
COc1ccc(-c2nnc(C(=O)N3CCC(Oc4ccc(CN5CCN(C)CC5)cc4)CC3)o2)cc1,1
CC(C)C1(C)OC(NC2C3CC4CC(C3)CC2C4)=NC1=O,0
CNC(=O)c1cc(C(=O)N[C@H]2[C@@H]3C[C@@H](O)C[C@@H]32)cc(C(OC)c2ccccc2)n1,0
CCCCOc1nc(OCC(C)(C)O)c(-c2ccc(S(C)(=O)=O)cc2)cc1C(C)(C)O,1
CC(C)Oc1ccc(Nc2nc(=O)n(CC(C)(C)C(=O)O)c(=O)n2Cc2ccc(Cl)cc2)cc1F,1
COC[C@H](C)Oc1cc(Oc2ccc(S(C)(=O)=O)cc2)cc(C(=O)Nc2nc(C)ns2)c1,1
CS(=O)(=O)CCNC(=O)c1ccc2cc(Oc3ccc(C(F)(F)F)cn3)ccc2n1,1
O=C(NCCc1ccccc1)Oc1cccc(-c2ccccc2)c1,0
Cc1cnc2c(c1)nnn2-c1ccc(CCC(=O)N(c2ncccc2Cl)[C@@H]2CCCNC2)nc1,1
COc1cc(CCn2cnc3sc4c(c3c2=O)CCN(C(=O)CN(C)C)C4)cc(OC)c1,1
COc1ccc(-c2ccc3c(=O)c(-c4ccc(N5CCC(N(C)C)C5)nc4)coc3c2)c(C)c1,1
CN1CCC(Nc2nc(-c3cccc4[nH]ncc34)nc3c2cnn3C)CC1,0
C=CC(=O)N(C)[C@H]1CCC[C@@H](Oc2nc(-c3cnn(C)c3)cn3nccc23)C1,0
NC1CCN(c2c(F)cc3c(=O)c(C(=O)O)cn(C4CC4)c3c2Cl)C1,0
COc1cnc2ccc([C@H](C)c3nnc4c(F)cc(-c5cc(C)no5)cn34)cc2c1,0
CC(C)c1cc2c(cc1NC1CNC1)N1C(=NNC(=O)C1C)CO2,0
c1ccc(Nc2ccc(Oc3nccnc3N3CCOCC3)cc2)nc1,0
Cc1cc(C)c(OCCOCCN[C@@H]2CCCC[C@H]2O)c(C)c1,0
CC(=O)N[C@@H](CO)C(=O)N1C[C@@H](O)C[C@@H]1C(=O)N[C@@H](CCCNC(=N)N)C(=O)N[C@@H](Cc1cnc[nH]1)C(=O)NC(CC1CCCCC1)C(=O)NC(CC1CCCCC1)C(=O)N[C@@H](CC(N)=O)C(=O)N[C@@H](CC(C)C)C(=O)NC(C)(C)C(=O)N[C@H](C(=O)N[C@@H](CCCNC(=N)N)C(=O)N[C@@H](CCC(N)=O)C(=O)N[C@@H](CCCNC(=N)N)C(=O)NC(CC1CCCCC1)C(N)=O)[C@@H](C)O,1
O/N=c1\cc(-c2cc3sccc3cn2)oc2ccc(CCCN3CCOCC3)cc12,0
Cn1cccc1C(=O)N1CCN(C(=O)Nc2ccc(N3CCC(C(=O)N4CCN(c5ccc6c(c5)C(=O)N(C5CCC(=O)NC5=O)C6=O)CC4)CC3)cc2)CC1,1
CCc1ccc(NS(=O)(=O)c2ccccn2)c(C(=O)O)c1C,0
CCCCC[C@H](O)/C=C/[C@H]1CCC(=O)N1CCCCCCC(=O)O,0
Cc1nnc(C(C)C)n1C1CCN(C(C)C[C@H](NC(=O)COCC(F)(F)F)c2ccccc2)CC1,1
O=C1Cc2c(cccc2C(=O)Nc2ccc3c(c2)CNC3)N1,0
O=S(=O)(c1cccc(F)c1)n1cc2c3c(cccc31)N1CCNCC1C2,0
CC(C)[C@H](NC(=O)OCc1ccncc1)C(=O)N[C@@H](Cc1ccccc1)C(O)[C@H](Cc1ccccc1)NC(=O)[C@H](NC(=O)OCc1ccncc1)C(C)C,1
CN(C)[C@H]1CC[C@H](Nc2ncnn3ccc(C4CCOCC4)c23)CC1,0
Cc1nc(N[C@H]2CCN(C(=O)Cc3ccc(F)cc3)C2)ccc1-c1nc(C(F)(F)F)n(C)n1,1
NCCCC(N)(C(=O)O)C(F)F,0
CS(=O)(=O)c1cc(S(F)(F)(F)(F)F)cc(NS(=O)(=O)c2cc(Br)cc(Cl)c2O)c1O,1
C[S@](=O)(=Nc1ccc(C(F)(F)F)cc1)c1ccccc1,0
COC(=O)N[C@H](C(=O)N1CCC[C@H]1c1ncc(-c2cc(F)c3c(c2)O[C@@H](c2cnc(C4CC4)s2)n2c-3cc3cc(-c4cnc([C@@H]5CCCN5C(=O)[C@@H](NC(=O)OC)[C@@H]5CCOC(C)(C)C5)[nH]4)ccc32)[nH]1)C(C)C,1
CCCCC1CN(S(=O)(=O)C2CCN(C=O)CC2)CCC12CCN(C1(C)CCN(C(=O)c3c(C)ncnc3C)CC1)CC2,1
Cc1ncnc(C)c1C(=O)N1C[C@H]2CN(CC[C@H](NC(=O)C3CCCC3)c3ccccc3)C[C@H]2C1,1
OC[C@H]1O[C@@H](c2cc(Cc3cc4ccccc4s3)c(Cl)cc2O)[C@H](O)[C@@H](O)C1(F)F,1
Nc1cc(C(F)(F)F)c(-c2nc(N3CCOCC3)nc(N3CCOCC3)n2)cn1,0
CCCCn1ccc(N2CCC(c3ccccc3)CC2)c(Cl)c1=O,0
O=C(Nc1ccc(F)c(-c2nc3ncccc3o2)c1)c1cnco1,0
CCn1c(=O)cc(Nc2cc(C(=O)NC3CC3)ccc2Cl)c2cnn(-c3ccc(F)cc3)c21,1
N#Cc1cnc2c(Br)cc(NCc3c[nH]nn3)cc2c1Nc1ccc(F)c(Cl)c1,1
CC(c1cccc(C(F)(F)F)c1)c1nc(-n2ccc(NC(=O)c3cscn3)cc2=O)c[nH]1,1
CN1C[C@@H]2CN([C@H]3Cc4c(Cl)cc(Cl)cc4[C@@H]3Oc3ccc(S(C)(=O)=O)cc3)C[C@@H]2C1,1
O=c1[nH]cc(SCc2ccc(C(F)(F)F)cc2)[nH]c1=O,0
Cc1cc(Sc2nnnn2CCN(C)C)n2nc(SCc3ccc(Cl)cc3)nc2n1.Cl,1
CN1C(=O)[C@@H](NC(=O)c2cc(Cc3ccccc3)on2)CNc2ccccc21,0
CCCCC(C(=O)COc1c(F)c(F)cc(F)c1F)n1cc([C@@](C)(NCc2ccc3ncccc3c2)C(C)C)nn1,1
CC1(c2cccc(-c3cncnc3)c2)N=C(N)CCS1,0
Cc1ccc(C(=O)NC(CN2C3CCC2CC(Cc2ccc(Cl)c(Cl)c2)C3)C(C)C)cc1,1
Nc1noc2ccc(-n3nc(C(F)(F)F)cc3C(=O)NC3CCN(c4ccccc4CN4CCC[C@H]4O)CC3)cc12,1
Cc1cc(N2C[C@H]3CC[C@@H](C2)[C@@H]3Nc2nc3c(OCC(F)(F)F)cccn3n2)sn1,0
CCOc1cc(C(=O)N(C)Cc2ccc(OC)c3cn[nH]c23)ccc1-c1cccc(F)c1,0
CC(C)c1noc(N2CCC(Oc3cc(N4CCc5cc(C6CCCCC6=O)ccc54)ncn3)CC2)n1,1
CC[C@H]1OC(=O)[C@H](C)C(=O)[C@H](C)[C@@H](O[C@@H]2O[C@H](C)C[C@H](N(C)C)[C@H]2O)[C@@]2(C)C[C@@H](C)/C(=N\C(C)=O)[C@H](C)[C@@H](OC/C(=N\OCc3ccc(-n4cccn4)nc3)CO2)[C@]1(C)O,1
FC(F)(F)Oc1ccc(Oc2ccc(CN3CCC4(CCCCC4)CC3)cc2)cc1,0
CCOC(=O)C1=C(CN2CC(F)(F)C[C@@H]2CCC(=O)O)NC(c2nccs2)=N[C@H]1c1ccc(F)cc1Br,1
CC[C@H]1C[C@@H](n2c(=O)nc(-c3cnn(C)c3)c3oc4ccc(-c5cn(C)cn5)cc4c32)CCO1,1
COc1c(F)cc(-n2c(C(=O)N3CC(F)C3)cc3cccnc32)cc1F,0
CN(C)S(=O)(=O)c1cccc(C(=O)N2CCC[C@@H]2C(=O)NCc2ccc(C(F)(F)F)cc2)c1,1
COc1ccccc1CN1C[C@H](c2cn(C)c3ccccc23)[C@@H](N(C)C)C1,0
CCOc1cc(Cl)c(-c2c(C)nn3c(NCCNC4CCOCC4)cc(C)nc23)c(Cl)c1,1
Cc1cnc(Nc2ccc3c(c2)CCN3S(=O)(=O)c2ccc(C(F)(F)F)cc2)nc1-c1cnn(C(C)C)c1,1
CC(=O)N1CCC(C(=O)N[C@@H](CC(C)N2CCC(n3c(C)nnc3C(C)C)CC2)c2ccccc2)CC1,1
Cc1nnc2n1-c1ccc(-c3cnn(C)c3)cc1[C@H](Nc1ccc(Cl)cc1)CC2,0
CC(C)(C)c1ccccc1OC(=O)c1coc(-c2ccccc2)n1,0
COc1ccc2nccc(CCN3CCC(NCc4ccc5c(c4)OCCO5)CC3)c2c1,0
Cc1ccc(-c2cc(-c3ccccc3)nn2-c2ccc(S(N)(=O)=O)cc2)cc1,0
COc1cccc(-c2ccc3ncnc(N)c3c2)c1,0
N=C(N)NCCC[C@H](NC(=O)[C@@H]1Cc2ccccc2CN1)C(=O)O,0
O=C(NCc1ccc(S(=O)(=O)c2ccccc2)cc1)[C@@H]1C[C@H]1c1ccncc1,0
Br.N=C(N)SCc1cc(F)ccc1Oc1cc(Cl)ccc1CSC(=N)N,1
C[C@@H](Oc1cc(-n2cnc3cc(-c4cnn(C)c4)ccc32)sc1C(N)=O)c1ccccc1Cl,1
Nc1nc(Nc2ccc(F)cc2)nc2[nH]cnc12,0
Nc1cc(CN2CCC(F)(C(=O)N3CCC(N4Cc5ccccc5-c5ccccc5C4)CC3)CC2)ccn1,1
CCOC(=O)N1CC2Cc3[nH]ncc3C(C1)N2S(=O)(=O)c1ccc(Cl)cc1,0
Cl.Fc1cc(F)cc(OC2=CC(c3ccc[nH]3)=N/C2=C\NC23CC4CC(CC(C4)C2)C3)c1,1
COc1ccc2c(c1)C(=O)O[C@]21CC[C@H](C(=O)N(C)CCN2CCCCC2)CC1,0
CC(C)CCn1nc(-c2ccn(C)c2)c(O)c(C2=NS(=O)(=O)c3cc(NS(C)(=O)=O)ccc3N2)c1=O,1
Cc1ccc(C(=O)NC2CC2)cc1-c1ccc2c(-c3ccccc3C)nncc2c1,0
O=C(O)c1cccn1-c1ccc2c(c1)B(O)OC2,0
Cc1nc2ccccc2nc1SCC(=O)NC(=O)Nc1cccc(F)c1C,0
CONC(=O)c1cn(C)c(=O)c(C)c1Nc1ccc(Br)cc1F,0
COc1cccc(F)c1[C@@H]1C[C@@H](O)C(=O)N1Cc1ccc2oc3ccccc3c2c1,0
CCC(=O)N(CC1(N2CCN(Cc3ccccc3)CC2)COC1)c1ccccc1,0
Cn1c(CN2C[C@@H]3C(COc4cccc(-c5ccccc5)c4)[C@@H]3C2)nc2ccccc21,0
CC(C)(C)NC(=O)C1c2ccc(NS(C)(=O)=O)cc2C(=O)N1Cc1ccccc1-c1ccccc1,1
Cc1nnc2ccc(N[C@H]3CC[C@@H](Nc4ccnc(C(F)(F)F)n4)CC3)nn12,0
O=C(O)c1ccc2nc([C@H]3CC34CCN(c3ncc(F)c(OCc5ccc(Cl)cc5F)n3)CC4)n(C[C@@H]3CCO3)c2c1,1
Nc1ncnc2c1ncn2[C@@H]1O[C@H](OCP(=O)(N[C@@H](Cc2ccccc2)C(=O)OCC2CCC2)Oc2ccccc2)C=C1F,1
NC(=O)[C@@H]1CCCN1C(=O)[C@H](Cc1c[nH]cn1)NC(=O)[C@@H]1CCC(=O)N1,0
CCCC[C@H](NC(=O)OC(C(C)C)C(C)C)C(=O)C(=O)Nc1ccnn1C,0
Cc1nc2c(N)ncnc2n1[C@@H]1O[C@H](CN(C)C/C=C\CN)[C@@H](O)[C@H]1O,0
CCCNc1nccc(-c2n[nH]c3nc(N4CCC5(CC4)CO[C@@H](C)[C@H]5N)c(CO)nc23)c1Cl,1
Cc1nc(N2CCC(O)(C3CC3)CC2)nc2ccc(NC(=O)/C=C/c3ccc(C(F)F)cc3)cc12,1
COc1ccc2nccc([C@@H](O)CC[C@@H]3CCN(C4CC(c5c(F)cccc5F)C4)C[C@@H]3C(=O)O)c2c1,1
Cc1sc2ncnc(SCC(=O)N3CCn4c(nnc4C4CC4)C3)c2c1Cl,0
Fc1cccc2c([C@@H]3CNCC[C@H]3F)c(-c3ccccc3)[nH]c12,0
CC[C@H]1Nc2ccc3ncc(n3n2)C(=O)NC2(CC2)COc2ccc(F)cc21,0
Cc1ncc(COC[C@@H](NC(=O)c2cccnc2Oc2ccc(C(F)(F)F)cc2Cl)C(=O)N2CCN(C)CC2)o1,1
CCCc1c(C(=O)NCc2cn(C)cn2)cnn1-c1ncc(C)c(-c2cccs2)n1,0
Cn1c(N2CCO[C@@H](c3ccc(C#N)cc3F)C2)nc(-c2ccncn2)cc1=O,0
O=C(O)[C@H](CCCn1c(-c2ccccc2)n[nH]c1=S)N(Cc1ccccn1)Cc1ccccn1,1
CS(=O)(=O)CCNCc1ccc(-c2ccc3ncnc(Nc4ccc(OCc5cccc(F)c5)c(Cl)c4)c3c2)o1,1
COC(=O)CCC(CP(=O)(OCOC(=O)C(C)(C)C)OCOC(=O)C(C)(C)C)C(=O)OC,1
CCCc1c(OCCCn2ccc3cc(CC(=O)O)ccc32)ccc2c(C(F)(F)F)noc12,1
CCOc1ncc(-c2nc(C(F)(F)F)sc2N2CCN(C(=O)CN3C(=O)Cc4ccccc43)[C@H](C)C2)cn1,1
Cn1cc(CN2C(=O)CC[C@@H]2C(=O)NC(Cc2ccccc2)C(=O)C(=O)NC2CN2)cn1,0
Fc1ccc(CCOc2cc(N3CCCCCC3)ncn2)cc1,0
CN[C@@H](C)C(=O)N[C@H]1CCC[C@H]2C[C@H]3CCN(CCc4ccccc4OC)C[C@H]3N2C1=O,1
Cc1ccc2c(c1)CCCC2NC(=O)c1ccc(C(F)(F)F)[nH]c1=O,0
C[S+]([O-])CCOc1ccccc1C1C(C(=O)C(C)(C)C)=C(O)C(=O)N1c1ccc(-c2ccsc2)cc1,1
C(#Cc1ccccn1)C1=CC(Oc2ccncc2)CCC1,0
CC#CCn1c(=O)c2c(-c3cc(C#N)cn3C)n(Cc3ccnc4ccc(Cl)cc34)nc2n(CC2CC2)c1=O,1
COc1cccc(-c2ccc(-n3cc(-c4cccc(C(=O)O)c4)nn3)cc2)c1OC,0
CC(C)(C)c1ccc(-c2ccc(S(=O)(=O)N3CCC[C@H]3C(=O)N[C@H](C#N)CC(N)=O)cc2)cc1,1
CCCN1C(=O)c2ccccc2[C@@H](C(=O)O)[C@@H]1c1cccc(Cl)c1,0
CC[C@@H](c1nc2cccc(F)c2c(=O)n1C1CC1)n1nc(-c2ccc(OC)c(F)c2)c2c(N)ncnc21,1
CCc1cc2c(cc1-c1cnn(CC(=O)N(C)C)c1)C(C)(C)c1[nH]c3cc(C#N)ccc3c1C2=O,1
CCc1cc(CCC2(C3CCCC3)CC(O)=C(Cc3nc4nc(C)cc(C)n4n3)C(=O)O2)ccc1CO,1
CCCCNc1ncc2c(-c3ccc(S(=O)(=O)N4CCOCC4)cc3)cn([C@H]3CC[C@H](O)CC3)c2n1,1
O=C(NC[C@@H](O)CN1CCC(Oc2ccc(Cl)c(Cl)c2)CC1)c1c[nH]nc1C(F)(F)F,1
COc1cccc(-c2c(S(=O)(=O)c3cc(Cl)cc(Cl)c3)cnc3c(F)cccc23)c1,1
Cc1ccc2[nH]c(=O)n(C3CCN(C4CCOCC4)CC3)c2c1,0
O=C(NC1CC1)C(=O)C(Cc1ccccc1)NC(=O)[C@H]1CCC(=O)N1Cc1c(OC(F)(F)F)cccc1C(F)(F)F,1
C[C@@H]1CN(c2noc(C(C)(C)O)n2)CCN1c1ncc(OCc2ccncc2C#N)cn1,0
C[C@@H](c1ccccn1)c1c(CCN2CCC2)sc2ccccc12,0
Cc1cccc(C)c1NC(=O)c1cnc(Nc2ccc(N3CCN(C)CC3)c(Cl)c2)nc1NC1CCC1,1
NC(=O)c1cn(CCN2CCC(=C3c4ccc(Cl)cc4CCc4cccnc43)CC2)nn1,1
CCc1nc2nc(C)cc(Nc3ccc(Cl)cc3)n2n1,0
CO/N=C(\C)c1ccc2c(c1)c1cc(/C(C)=N/OC)ccc1n2CCNC(C)C,0
O=c1[nH]cc(SCc2ccc(S(F)(F)(F)(F)F)cc2)[nH]c1=O,0
O=S(=O)(c1ccc(Cl)cn1)N1c2ccc(F)cc2-c2n[nH]cc2C1C1CC1,0
Fc1ccc(-c2nc(N3CCOCC3)sc2-c2ccnc(Nc3ccc(N4CCNCC4)cc3)n2)cc1,1
CCNC1(CNC(=O)N2CCC(c3nc(-c4ccc5ccccc5n4)no3)CC2)CCCC1,1
O=C(O)[C@H]1CCCCN1c1nc(-c2cc(-c3ccon3)n(Cc3ccccc3F)n2)ncc1F,1
C[C@@H]1Cc2c([nH]c3cccnc23)[C@@H](c2c(F)cc(OCCN3CC(CF)C3)cc2F)N1CC(C)(C)F,1
Nc1cc(=O)[nH]c(SCc2ccc(OC(F)(F)F)cc2)n1,0
COC(=O)C[C@H](NP(=O)(OC[C@H]1C=C[C@@H](n2cnc3c(N)ncnc32)C1)Oc1ccccc1)C(=O)OC,1
CC[C@@H]1C[C@H](C)CC/C=C\[C@@H]2C[C@@]2(C(=O)NS(=O)(=O)C2(C)CC2)NC(=O)[C@@H]2C[C@@H](Oc3ncc(OC)c4ccc(F)cc34)CN2C(=O)[C@H]1NC(=O)OC(C)(C)C(F)(F)F,1
CC#Cc1cncc(-c2ccc3c(c2)[C@@]2(COC(N)=N2)c2cc(C4=CCCOC4)ncc2O3)c1,1
O=C(Nc1ccc(-c2cn[nH]c2)cc1)NC(CCO)c1cccc(F)c1,0
COc1ccc2c(OCc3nnc4ccc(-c5ccc(F)c(F)c5)nn34)ccnc2c1,0
COc1cc(N2CCN(S(C)(=O)=O)CC2)ccc1Nc1nc(NC2CCCCC2)c2nc[nH]c2n1,1
Nc1ccc(S(=O)(=O)N2CCN(c3ncc(C(O)(C(F)(F)F)C(F)(F)F)cc3-c3ccccc3)CC2)cn1,1
Cc1cc([C@H]2CCCN(C(=O)c3ccc4ccccc4c3)C2)n2ncnc2n1,0
COc1ccc(N(C)c2nc(C)nc3ccccc23)cc1OC(C(=O)NO)C(C)C,0
O=C(Cc1ccccc1F)Nc1ccn(-c2ccccc2)n1,0
O=C(c1ccc(F)cc1)N1CCN2C(=O)c3ccncc3C12c1ccc(Cl)cc1,0
CN1C(=O)c2c(nn(Cc3ccc(-c4cccc(F)n4)cc3)c2Nc2ccccc2)N2C1=N[C@@H]1CCC[C@@H]12,1
COc1ncc(-c2cccc(C#N)c2CCNC(=O)c2ccc(OCCC(F)(F)F)nc2)cn1,1
COc1c(C(=O)NC2CCNCC2)n(C)c2c1c(=O)n(CC(=O)c1ccccc1)c1ccccc21,1
COc1ccccc1N1CCN(CCCc2c[nH]c3ccc(F)cc23)CC1.Cl,0
O=S(=O)(c1ccc2c(c1)CCNCC2)N1CC[C@H](Oc2ccccc2Cl)C1,0
COc1ccc2nccc(CC[C@@H]3CC[C@@H](NCc4ccc5c(n4)NC(=O)CS5)CO3)c2n1,1
Cc1ccccc1N(C)C(=O)c1ccc(-c2cc(C)c(O)c(C)c2)o1,0
O=C(NC1CCN(Cc2ccn(-c3ccc(C(F)(F)F)cc3)c2)CC1)N[C@H](CO)c1ccccc1,1
COC(=O)c1ccc(CSc2ccc3nc(N)sc3c2)cc1,0
COC(=O)Nc1c(N)nc(-n2nc(Cc3c(F)ccc(F)c3F)c3cc(Cl)ccc32)nc1N,1
COc1cccc(OC)c1-n1c(CCCC(F)(F)F)nc(=O)c(C(=O)N2CC[C@H](c3ccccc3)C2)c1O,1
CC(C)Oc1ccc(-c2ncc(CNc3ccnc(C(F)(F)F)c3)s2)cc1,0
NC(=O)Nc1cccc(O[C@H]2c3ccccc3C[C@@H]2N2CCC[C@@H](N)C2)c1,0
C[C@@]1(C(=O)N[C@@H](Cc2ccc(-c3ccccc3C#N)cc2)C(=O)O)CCCN1S(=O)(=O)c1cc(Cl)cc(Cl)c1,1
CS(=O)(=O)Cc1ccc(CNC(=O)c2ccc3c(ccn3S(=O)(=O)c3cccc(F)c3)c2)c(C(F)(F)F)c1,1
Cl.O=c1c2c3n(c(=O)cc2[nH]n1-c1ccccc1Cl)CCCN(Cc1ccccc1)C3,1
C=CC(=O)N(C)c1nc(NC2CCN(C3CCCCC3)CC2)c2cc(OC)c(OCCCN3CCCC3)cc2n1,1
CC(C)[C@@H]1NC(=O)[C@H](Cc2ccc(F)cc2)NC(=O)[C@H](Cc2ccc(Cl)cc2)NC(=O)CCCSC[C@@H](C(=O)N2CCC[C@H]2C(=O)N[C@@H](CO)CCCNC(=N)N)NC(=O)[C@H](CC(N)=O)NC1=O,1
Cc1cc2ncc(=O)n(CC(=O)N3CCCC(c4ccccc4)C3CN3CCCC3)c2cc1C,1
O=C(NC1(c2ccccc2)CC1)c1ccc(CN(Cc2ccccc2)S(=O)(=O)c2ccc(Cl)cc2)cc1,1
CCOc1ccccc1CNC(=O)CC1(C)CC2(CCCCC2)OO1,0
Fc1ccc(C2CCCCn3nc(N[C@@H]4[C@@H]5CC[C@H]4CN(c4cc(Cl)ncn4)C5)nc32)c(F)c1F,1
COc1cc(O)c(-c2cc(-c3ccc(O)cc3)nc(N3CCNCC3)n2)cc1CC=C(C)C,1
C[C@@H]1CCCN1CCCOc1ccc(-c2ccc(=O)n(Cc3ccccc3)n2)cc1,0
O=C(Nc1ccc(C(F)(F)F)cc1)N1CCOC2(CCN(C(=O)c3ccccc3Cl)CC2)C1,1
C=C(c1ccc(Cl)cc1)[C@H]1OOC2(CCCCC2)O[C@@H]1c1ccc(Cl)cc1,0
NC(=O)[C@@H]1[C@H](Nc2nc(Nc3cnn(CCN4CCOCC4)c3)ncc2Cl)[C@H]2C=C[C@@H]1C2,1
COc1cc2ccccc2cc1C(=O)NC(=O)Nc1ccc(-c2nc3ccccc3[nH]2)cc1,0
NC1=N[C@@]2(c3ccc(F)cc3F)CO[C@@H](C3CC3)C[C@H]2CS1,0
CNc1nc2c(nc(-c3ccccc3)n2C)c2c1ncn2C,0
C[C@@H](N[C@H]1CCN(c2ccc(-c3nn[nH]n3)cc2)C1)c1cccc2ccccc12.Cl,0
CCC[C@H](C)Nc1ncc2c(C3CCN(C(=O)c4ccnnc4)CC3)cn([C@H]3CC[C@H](O)CC3)c2n1,1
COC(=O)[C@]1(F)O[C@@H]([C@H](O)[C@H](O)CO)[C@H](NC(C)=O)[C@@H](N)[C@H]1F,0
Cc1ccc2c(C(=O)O)c(O)c(-c3ccc(C(F)(F)F)cc3)nc2c1C,0
CN(C)CCNC(=O)C1CCC2(CC1)OOC1(CCCCC1)OO2,0
Cc1n[nH]cc1-c1cnc(N)c(O[C@@H](C)c2cc(F)ccc2C#N)c1,0
Cn1cc(NC(=O)c2cnn3ccc(N[C@@H]4CCCC[C@@H]4N)nc23)cn1,0
O=C(N[C@@H](Cc1ccc2oc(-c3c(Cl)cccc3Cl)nc2c1)C(=O)O)c1c(Cl)cccc1Cl,1
[18F]CCCC1OC2(CCN(Cc3ccccc3)CC2)c2ccccc21,0
Cn1cnc(S(=O)(=O)N2C[C@@H]3[C@H](C2)[C@@]3(CNC(=O)c2ccccc2C(F)(F)F)CC2CC2)c1,1
CN1CCOCCN(C)S(=O)(=O)NC(=O)c2ccc3c(C4CCCCC4)c4n(c3c2)CC(=Cc2cc(F)ccc2-4)C1=O,1
CC(C)(C)c1ccc(-c2nnc(Nc3ccc(Cl)cc3)o2)cc1,0
O=S1(=O)N(CCCCCOc2ccc(-c3ccc(Cl)cc3)cc2)CCN1c1ccncc1,1
CCn1c(-c2nonc2N)nc2cnc(Oc3cccc(NC(=O)c4ccc(OCCN(C)C)cc4)c3)cc21,1
COc1cc(NC2CN(CCCF)C2)ccc1[C@@H]1c2ccc3[nH]ncc3c2C[C@@H](C)N1CC1(CF)COC1,1
CC(=O)N1CCC(CCn2nc(-c3ccc4[nH]cc(C)c4c3)c3c(N)ncnc32)CC1,0
CC[C@H](C)[C@H](NC(=O)[C@H](CO)NC(=O)[C@H](CC(N)=O)NC(=O)[C@H](CC(C)C)NC(=O)[C@H](Cc1ccc(O)cc1)NC(=O)[C@H](CCCCN)NC(=O)[C@H](CCCCN)NC(=O)[C@@H](NC(=O)[C@H](C)NC(=O)[C@H](CCC(=O)O)NC(=O)[C@H](CCC(N)=O)NC(=O)[C@H](CCCCN)NC(=O)[C@H](CCCNC(=N)N)NC(=O)[C@H](CC(C)C)NC(=O)[C@H](CCCNC(=N)N)NC(=O)[C@@H](NC(=O)[C@H](Cc1ccc(O)cc1)NC(=O)[C@H](CC(N)=O)NC(=O)[C@H](CC(=O)O)NC(=O)[C@@H](NC(=O)[C@H](Cc1ccccc1)NC(=O)[C@@H](NC(=O)[C@H](C)NC(=O)[C@H](CC(=O)O)NC(=O)[C@H](CO)NC(=O)[C@@H](N)Cc1cnc[nH]1)C(C)C)[C@@H](C)O)[C@@H](C)O)C(C)C)C(=O)N[C@@H](CC(C)C)C(=O)N[C@@H](CC(N)=O)C(=O)NCC(=O)N[C@@H](CCCCN)C(=O)O,1
CCCCC(NC(=O)[C@H](CCC(=O)O)NC(=O)[C@H](CC(=O)O)NC(=O)[C@H](CO)NC(=O)[C@H](Cc1ccccc1)NC(=O)[C@H](CO)NC(=O)CNC(=O)[C@H](CC(=O)O)NC(=O)CNC(=O)[C@@H](N)Cc1cnc[nH]1)C(=O)N[C@@H](CC1CCCCC1)C(=O)N[C@H](C(=O)N[C@H](C(=O)N[C@@H](CC(C)C)C(=O)N[C@@H](CC(=O)O)C(=O)N[C@@H](CC(N)=O)C(=O)N[C@@H](CC(C)C)C(=O)N[C@@H](C)C(=O)N[C@@H](C)C(=O)N[C@@H](CCCNC(=N)N)C(=O)N[C@@H](CC(=O)O)C(=O)N[C@@H](Cc1ccccc1)C(=O)N[C@H](C(=O)N[C@@H](CC(N)=O)C(=O)N[C@@H](Cc1c[nH]c2ccccc12)C(=O)N[C@@H](CC(C)C)C(=O)N[C@H](C(=O)N[C@@H](CCC(N)=O)C(=O)N[C@H](C(=O)N[C@@H](CCCCN)C(N)=O)[C@@H](C)O)[C@@H](C)CC)[C@@H](C)CC)[C@@H](C)CC)[C@@H](C)O,1
O=C1OC2(c3ccc(O)cc3Oc3cc(O)ccc32)c2ccccc21,0
CCn1c(-c2ccc(OCCN(C)c3ccccn3)cc2)nc2c1c(=O)n(Cc1ccccc1C#N)c(=O)n2C.Cl,1
CC(C)N(CCO)Cc1nc(-c2cn(CC3CCOCC3)c3c(Cl)cccc23)sc1Cl.Cl,1
COc1cc(CCc2cc(NC(=O)c3ccc(N4C[C@@H](C)N[C@@H](C)C4)cc3)n[nH]2)cc(OC)c1,1
CCC1(CCCCN2CCN(c3ccc(Cl)c(Cl)c3)CC2)C(=O)Nc2ccccc21,1
Cc1ccc(O)c(C)c1-n1c(N)c(C(N)=O)c2cc(Cl)c(C)nc21,0
Cn1cc(S(C)(=O)=O)cc1-c1c2c(=O)n(C)c(=O)n(CC3CC3)c2nn1Cc1c[nH]c2ccc(Cl)cc12,1
O=C1CN(CCc2ccc(F)cc2)CCN1[C@H]1CCc2cc(CN3CCC(C(F)(F)F)CC3)ccc2C1,1
CC(C)(CC(=O)NC1CC1)CC(=O)N[C@H]1C2CC3CC1C[C@](C(N)=O)(C3)C2,0
CCS(=O)(=O)c1ccc2[nH]c(-c3cc(-c4ccccc4)ccc3C)nc2c1,0
Cc1nc(Cl)nc(Cl)c1CCCl,0
O=C(O)c1ccc(S(=O)(=O)N(Cc2ccc(F)cc2)c2ncc(C(F)(F)F)cc2Cl)cc1,1
Cc1cccc(C(NC(=O)c2ccc(C(F)(F)F)[nH]c2=O)c2ccccc2)c1,0
Cc1cccc(C)c1-c1noc(C)c1CC(=O)NCc1ccc(OCC(F)(F)F)nc1,0
Cc1c(-c2ccccc2)nc2ccc(C(F)(F)F)cc2c1C(=O)Nc1ccc(C(=O)O)cc1F,1
Cc1ccc(-n2nc(C(C)(C)C)cc2NC(=O)NCc2ccccc2Sc2ccc3nnc(-c4ccc(O)cc4Cl)n3c2)cc1,1
CCOC(=O)[C@H](Cc1ccc(NC(=O)c2c(Cl)cncc2Cl)cc1)NC(=O)[C@@H]1C[C@@H](NC2CCC2)CN1S(=O)(=O)c1cc(Cl)cc(Cl)c1,1
Cn1c(=O)c2c(-c3oc(S(C)(=O)=O)cc3Cl)n(Cc3ccnc4ccc(Cl)cc34)nc2n(CC2CC2)c1=O,1
COc1ccc(C[C@H](NC(=O)C(C)(C)N)C(=O)N2CC[C@H]2c2nc3cc(Cl)c(Cl)cc3[nH]2)cc1,1
CC1(C)CNCC[C@@H]1NC(=O)C[C@@H]1C(=O)NC=CN1S(=O)(=O)c1ccc(Cl)c(Cl)c1,1
Nc1cc(Cc2ccn(Cc3cccc(O[C@H]4CCNC4)c3)n2)c2nn[nH]c2n1,0
Nc1ncnc2ccc(-c3ccccc3)cc12,0
CN[C@@H](C)C(=O)N[C@H]1CCC[C@H]2C[C@H]3CCN(CCc4ccc(OC)cc4)C[C@H]3N2C1=O,1
O=C(NC1CCCC1)N[C@@](Cc1ccccc1)(c1cc(F)cc(C(F)(F)F)c1)c1ccc(Cl)cn1,1
CCS(=O)(=O)CCN(C(=O)Cc1ccc(F)c(C(F)(F)F)c1)[C@H](C)c1nc2ncccn2c1-c1ccc(C#N)cc1,1
Cc1c(C(=O)NCC2CCC(CNS(N)(=O)=O)CC2)nn(-c2ccc(Cl)cc2Cl)c1-c1ccc(Cl)cc1,1
O=C(O[C@H]1C[N+]2(Cc3ccn(-c4ccccc4)n3)CCC1CC2)C1(C2=CC=CC2)CCCCCC1,1
CC(C)n1ncnc1-c1nc2c(s1)CCOc1cc(-c3cnn(C(C)(C)C(N)=O)c3)ccc1-2,1
CS(=O)(=O)c1ccc(-c2nccc(-c3c[nH]c4cnccc34)n2)cc1,0
CC(=O)N[C@H]1CSCCC(=O)N2CN3CN(C2)C(=O)CCSC[C@H](NC(=O)[C@@H](CC(=O)O)NC(=O)[C@H](CCC(=O)O)NC(=O)[C@H](CC(C)C)NC(=O)[C@H](Cc2c[nH]c4ccccc24)NC(=O)[C@@H](CCC(N)=O)NC1=O)C(=O)N[C@@H](Cc1c[nH]c2ccccc12)C(=O)N[C@@H](CCCNC(=N)N)C(=O)NCC(=O)N[C@@H](Cc1ccc(F)cc1)C(=O)N[C@H](C(=O)O)CSCCC3=O,1
CN1CCN(c2cc(F)cc(Nc3nc(N[C@H]4[C@@H](C(N)=O)[C@@H]5C=C[C@H]4C5)c4sccc4n3)c2)CC1,1
Cc1ccc([C@H](C(=O)N2CCOCC2)N2C(=O)[C@@H](C3Cc4ccccc4C3)NC(=O)[C@H]2CC(C)(C)C)cn1,1
C=CC(=O)N1CCN2Cc3cc(C#CC)c(-c4c(O)cccc4Cl)c(F)c3OC[C@H]2C1,1
COc1ccc(-c2cc(C(N)=O)nc3cc(CCc4cnc(C)nc4)ccc23)cc1,0
CC(=O)N1CCN(C(=O)c2ccc(-c3ccc4ncc(-c5cc6ccccc6o5)n4c3)cc2)CC1,1
CN(C(=O)CC(=O)Nc1cccnc1)[C@H](CN1CC[C@H](O)C1)c1ccccc1,0
Clc1ccc(-c2ccc(C#Cc3ccc(OCCN4CCCC4)cc3)nc2)cc1,0
CCN(CC)c1ccc2cc(C(=O)O)c(=O)oc2c1,0
COc1cc2c(cc1C(=O)Nc1ccc(C(C)(C)C)cc1)CCCCC2,0
CSc1cccc(N2C(=O)CN(C3CCN(CC4=CC[C@H]5C[C@@H]4C5(C)C)CC3)C2=O)c1,1
Nc1ccc(S(=O)(=O)N2CCN(c3ncc(C(O)(C(F)(F)F)C(F)(F)F)cc3C#CC3CC3)CC2)cn1,1
Cn1cc2c3c(c[nH]c3c1=O)CN(CC1CC1)c1ccc(CS(C)(=O)=O)cc1-2,0
Cc1c(C#Cc2cnc(N)nc2)cccc1C(=O)Nc1ccc(CN2CCN(C)CC2)c(C(F)(F)F)c1,1
CN(C(=O)Cn1c(=O)oc2ccc(-c3cccnc3)cc21)c1ccc(C(F)(F)F)cc1,0
COC(=O)NC12CCC(n3cc(-c4cc(N)c(Cl)cc4F)c4c(N)ncnc43)(CC1)CC2,1
O=C(CSc1nnc(Br)n1-c1ccc(C2CC2)c2ccccc12)NS(=O)(=O)c1ccc(Br)cc1,1
CCOC(=O)Nc1cccc([C@@H](c2ccc(C(=O)N(C)CC)cc2)N2CCN(Cc3c[nH]c(C)n3)CC2)c1,1
CC(=O)Nc1cccc(Sc2ccc3c(/C=C/c4ccccc4)n[nH]c3c2)c1,0
Cc1ncccc1-c1cnc(NCc2c(F)ccc3c2CCO3)n2c(=O)[nH]nc12,0
COc1cccc(NC(=O)c2nnn(Cc3cc(C)on3)c2N)c1,0
COc1ccc(/C=C/C(=O)c2ccc(OC)c3c2OC(C)(C)C=C3)cc1O,0
CCCN1CCC[C@@H]1C(=O)NC1C2CC3CC(C2)CC1C3,0
Cc1cc(C)nc(Nc2nc3c(s2)CCCc2n[nH]cc2-3)c1,0
CCN(CC)CCCC(C)Nc1ccnc2c(NC(C)CCCN(CC)CC)ccnc12,1
NC(=O)C(c1cc(-c2ncnc3cc(N4CCOCC4)ccc23)ccc1Cl)c1nccnc1Cl,1
COc1ccc(S(=O)(=O)Nc2ccc(CN3CCN(C(=O)C4CC(O)(C(F)(F)F)C4)CC3)cc2)cc1,1
O=C(NC1CCCCC1)N1CCC(c2nc(-c3ccc4ccccc4n3)no2)CC1,0
CCCC(=O)N1CCC(=CC#Cc2cccc(C)n2)CC1,0
C[C@@H]1CC[C@H](C)N1c1ccc(-c2cccc(Cl)c2Cl)cn1,0
CCP(=O)(OC)c1ccc2nc(-c3cnc4ccccc4c3)oc2c1,0
CS(=O)(=O)c1ccc(C2(C(=O)N3C[C@H](F)C[C@@H]3C(=O)Nc3ccc4[nH]ncc4n3)CCC(F)(F)CC2)cc1,1
COc1ccc(-c2ccc3ncnc(-c4cncc(C(=O)N5CCN(C)CC5)c4)c3c2)cn1,1
CC(C)C1(O)c2ccccc2-c2ncccc21,0
CN1CCN(C(=O)c2nc3ccc(Cl)cc3[nH]2)CC1,0
Cc1[nH]nc(Nc2cccc3c2CN(C)C3=O)c1C,0
CCS(=O)(=O)c1ccc(O)c2ncccc12,0
CS(=O)(=O)Nc1cnc2[nH]cc(Cc3ccc(NCc4ccc(Cl)nc4)nc3F)c2c1,1
Cc1nc2cnc(Nc3ccnc(N4CC[C@H](O)[C@H](F)C4)n3)cc2n1C(C)C,0
Cc1nsc(NS(=O)(=O)c2cc(F)c(O[C@H]3CCC[C@@H]3c3ccnn3C)cc2F)n1,1
Clc1ccc(-n2c(-c3cnc(N4CCOCC4)nc3)nc3ccncc32)cc1,0
CCc1nc(N)nc(N)c1-c1ccc2c(c1)N(CCNC(C)=O)C(=O)C(C)(C)O2,0
CCn1cc(-c2cc(Cn3ccnc3)cc3c2CCN([C@H](c2cc(OC)ccn2)C2CC2)C3=O)c(C(F)(F)F)n1,1
CC(C)(C)n1cc(C(=O)O)c(=O)c2cc(F)c(N3CC[C@H](N)C3)cc21.CS(=O)(=O)O,1
CCOc1cc(Oc2ccnc(OC)c2)cc2c1nc(COc1cccc(C(=O)O)c1)n2C,1
COC(=O)c1ccc(-c2nnn(CC(=O)C(C)Oc3ccc(Oc4ccc(Cl)cc4)cc3)n2)cc1,1
O=C(O)c1cnncc1NC(=O)N1C[C@H]2C[C@@H](c3ccccc3C(F)(F)F)C[C@H]2C1,0
Cc1ccc(OCc2ccccc2)c(/C=C/Cc2ccccc2/C=C/C(=O)O)c1,0
CNC(=O)c1ccc(-c2c(C)nc3c(OCc4ccc(-c5ccc(F)cc5)cc4F)cccn23)cn1.Cl,1
CC(O[C@@H]1COc2nc([N+](=O)[O-])cn2C1)c1ccc(OC(F)(F)F)cc1,0
O=C1CCc2cc(-c3cccnc3)ccc21,0
Cc1c(Cc2ccccc2S(=O)(=O)c2ccccc2)c2c(n1CC(=O)O)CCNC2=O,0
Cc1nc(N2CCN(C)CC2)c2nc(-c3ccccc3Cl)n([C@H]3CCOC3)c2n1.Cl,1
CCOc1ccc(N2C[C@@]3(CCC[C@](C)(Cn4cnc5ccc(C#N)cc54)C3)OC2=O)cn1,1
O=C(c1ccc(F)cc1)C1CCN(C(=O)c2cc(F)cc(F)c2)CC1,0
Cc1ncc(C(N)=O)nc1-c1ccc([C@H]2CC[C@H](CC(=O)O)CC2)cc1,0
COc1ccc2[nH]cc(C(=O)OCC34CCN(CC3)CC4)c2c1Br,0
COC(=O)N[C@@H](CC(C)N1CCC(n2c(C)nnc2C(C)C)CC1)c1ccccc1,0
CC(C)c1ccc2c(Nc3cc(C(=O)N[C@@H](C)C4CCCCC4)ccc3Sc3ccc(N)cc3)ncnc2n1,1
COC(=O)c1ccccc1-c1c2ccc(=N)cc-2oc2cc(N)ccc12.Cl,0
NC(=O)[C@@H]1[C@H](Nc2nc(Nc3cnn(CC(=O)O)c3)ncc2Cl)[C@H]2C=C[C@@H]1C2,0
Cn1cncc1CN1CCC2(CC1)COC1c3cccc(Cl)c3OC(C)(C)C1C2,0
CC(C)NC(=O)[C@H]1CC[C@@H](n2/c(=N/C(=O)c3cccnc3)[nH]c3ccc(CN4CCC(C(C)(C)O)CC4)cc32)CC1,1
COc1ccc(CNC(=O)CN(C(=O)c2cc3ccccc3[nH]2)C(C(=O)NC(C)(C)C)c2ccc(Cl)cc2)cc1,1
N[C@@H](CC(=O)N1CCC[C@H]1COCC1CC1)Cc1cc(F)c(F)cc1F,0
CNc1nnc(-c2cn3ncnc(Nc4cnc5[nH]c(C)cc5c4)c3c2C(C)C)o1,0
CC(=O)N1CCCC1c1cc2[nH]c(-c3ccccn3)nc2cc1Oc1ccccc1C#N,0
O=S(=O)(c1ccc(Cl)cc1)N1c2ccccc2-c2n[nH]cc2C1C(F)(F)F,0
COc1ccc(-c2cc3c(C)nc(N)nc3n([C@H]3CC[C@@H](OCC(N)=O)CC3)c2=O)cn1,0
CCc1nnc2c(C(F)(F)F)c(N3CCC(c4ccccc4)CC3)ccn12,0
CCn1nc(C)cc1C(=O)/N=c1\[nH]c2cc(C(N)=O)cc(OC)c2n1C/C=C/Cn1/c(=N/C(=O)c2cc(C)nn2CC)[nH]c2cc(C(N)=O)cc(OCCCN3CCOCC3)c21,1
CN[C@@H](C)C(=O)N[C@H](C(=O)N1C[C@H]2CCCN2C[C@H]1C(=O)N[C@@H]1CCC(=O)c2ccccc21)C1CCCCC1.Cl.Cl,1
Cc1cc(C(N)=O)ccc1-n1c(CCC(=O)O)ccc1-c1ccc(Cl)cc1,0
CC(C)CNC(=O)[C@H]1CN(C2CCN(c3nnc(N)[nH]3)CC2)[C@@H](Cc2ccc(Cl)cc2)CO1,1
CC(=O)NC1CCN(Cc2ccc(OCc3ccc(Cl)cc3)c(Cl)c2)C1,0
N#C[C@@H]1C[C@H](F)CN1C(=O)[C@@H]1C[C@@H](CC(=O)N2Cc3ccccc3C2)C(=O)N1,0
COc1ccc([C@H]2[C@H](CF)C(=O)N2c2cc(OC)c(OC)c(OC)c2)cc1O,0
C[C@@H](NCc1cc([C@]2(C)CCSC(N)=N2)c(F)cc1F)C(F)(F)F,0
CC(C)(C)C(=O)N/C(=N/c1nccn1C(C)(C)C)Nc1ccc(Cl)c(Cl)c1,0
O=C(CN1CCN(Cc2ccc(C(F)(F)F)cc2)CC1)N/N=C/c1cc(F)ccc1O,0
CC1(C)NC(=O)c2cc(S(=O)(=O)Nc3ccc(C(F)(F)F)cc3)cnc2NC1=O,0
O=C(O)C1CCCN1c1ccc2c(=O)c3cccc(Cl)c3oc2c1,0
CCn1cncc1Cn1cc(-c2ccc(Cl)cc2)cn1,0
CC(C)(C)Cn1ccnc1/N=C(/Nc1ccc(Cl)c(Cl)c1)NC(C)(C)C,0
CN1C[C@H]2CCCC[C@@]2(c2ccc(Cl)c(Cl)c2)C1,0
NC(=O)c1cc(-c2ccc(F)cc2)cc2c(C3CCS(=O)(=O)CC3)c[nH]c12,0
CC(C)(O/N=C(\C(=O)N[C@@H]1C(=O)N2C(C(=O)[O-])=C(C[N+]3(CCNC(=O)c4ccc(O)c(O)c4Cl)CCCC3)CS[C@H]12)c1csc(N)n1)C(=O)O,1
COC[C@H](C)Nc1cc(NC(=O)N2CCCc3cc(CN4CCN(C)CC4=O)c(C=O)nc32)ncc1C#N,1
CSc1nc(Nc2cccc(Br)c2)c2cnn(CC(C)c3ccccc3)c2n1,1
Nc1ccc(S(=O)(=O)N2CCN(c3ncc(C(O)(C(F)(F)F)C(F)(F)F)cc3-c3cc4ccccc4s3)CC2)cn1,1
CCCc1sc(-c2ccc(OC)c(OCCNS(C)(=O)=O)c2)nc1CSc1nc(N)cc(N)n1,1
COc1cccc(/C=C/C(=O)c2ccc[nH]2)c1,0
CCN(C(=O)NCc1ccc(S(C)(=O)=O)cc1)C1CCN(CCC(c2ccc(F)cc2)C2CCN(Cc3cccnc3)CC2)CC1,1
Cc1nnc(NCc2cccc(Cl)c2)c2ccccc12,0
Fc1ccc(-c2noc(C3CCN(c4cnc5ccc(Cl)cc5c4)CC3)n2)c(Cl)c1,1
Cc1ccc2[nH]c(C(=O)N[C@H]3CN(S(=O)(=O)c4ccccc4)C[C@@H]3C(=O)N[C@@H]3CCCN(C)C3)cc2c1,1
CCOC(=O)c1cn2c(c1O)C(=O)N(Cc1ccc(Cl)c(Cl)c1)CC2,0
O=C(NCC1CCOCC1)c1n[nH]c2ccc(-c3cnccc3CN3CCNCC3)cc12,0
Fc1ccc(OC[C@@H]2CN(Cc3cn4ccccc4n3)CCO2)cc1F,0
COc1cc(OCCNCCCF)ccc1[C@@H]1c2[nH]c3ccccc3c2C[C@@H](C)N1CC1(F)COC1,1
Cn1cc(Nc2nccc(N3CC4CCC(C3)N4C(=O)[C@@H]3CC3(F)F)n2)cn1,0
c1cncc(-c2cc(N3CCN4CCC[C@@H]4C3)nc(-c3ccncc3)n2)c1,0
Cc1ccc2c(=O)[nH]c(-c3ccc([C@](C)(O)CCO)cc3)cn12,0
CCOc1ccc(S(=O)(=O)N2CCN(C)CC2)cc1-c1nc2c(=O)n(C)c(=O)n(CC(C)CC)c2[nH]1,1
OCCNc1nccnc1C(O)c1ccc(F)c(-c2ncnc3cc(N4CCOCC4)ccc23)c1,1
COc1cc(O)c([C@@H]2O[C@H](CO)[C@@](C)(F)[C@H](O)[C@H]2O)cc1Cc1ccc2c(c1)OCCO2,1
CC(C)[C@@H](Nc1nnc(-c2c[nH]c3ncccc23)o1)c1ccccc1,0
CC(=O)N[C@H]1C(C)(C)[C@H](Oc2ccc(C#N)c(Cl)c2)C1(C)C,0
O=C(Nc1cccc(F)c1)N1CCc2sccc2C1c1ccc(C(F)(F)F)cc1,0
CC1=C(C#N)[C@@H](c2ccc(C#N)cc2)N(C)C(=O)N1c1cccc(C(F)(F)F)c1,0
C=CCCCCOc1cccc(CC(=O)Nc2ccc(CCCCc3nnc(NC(=O)C4CC(F)(F)C4)s3)nn2)c1,1
O=C(O)[C@H]1CC[C@H](C(=O)N2CC[C@](c3ccc(C(F)(C(F)(F)F)C(F)(F)F)cc3)(S(=O)(=O)c3ccc(F)cc3)C2)CC1,1
COC(=O)N[C@@H](NC(=O)N1CCC[C@H]1c1nc2ccc(-c3ccc4cc(-c5cnc([C@@H]6CCCN6C(=O)[C@@H](NC(=O)OC)C(C)C)[nH]5)ccc4c3)cc2[nH]1)c1ccccc1.Cl,1
CN(C)CCN1C(=O)c2cccc3cc(N)cc(c23)C1=O,0
Cc1cccc(CN(CCCCN)[C@H]2CCCc3cccnc32)n1,0
C/C(=C\c1cccnc1)c1nc2cc(C)c(C)cc2n1Cc1ccc(Cl)cc1,0
CCN(CC)CCNC(=O)C1CC(C(CC)(CC)c2ccc(/C=C/C(O)(CC)CC)c(C)c2)=CN1CC,1
O=C(Cc1nc(N2CCOCC2)cc(=O)[nH]1)N1CCc2c(-c3ccncc3)cccc21,0
c1ccc(Cn2ccc3c(OC4CCN(Cc5cccnc5)CC4)ncnc32)cc1,0
O=C(Nc1cc(-c2ccn3ccnc3c2)ccn1)C1CC1,0
CCCSc1nc(N(C)C)ncc1C(=O)N[C@H]1C2CC3CC1C[C@](O)(C3)C2,0
O[C@H]1CC[C@H](Nc2ccc3ncc(-c4cccc(Cl)c4)n3n2)CC1,0
NS(=O)(=O)c1ccc(Nc2nccc(-c3ccccc3)n2)cc1,0
O=C(NC1CCCS(=O)(=O)C1)c1ccc(Oc2ccc(C#C[C@]3(O)CN4CCC3CC4)cc2)cc1,1
N#Cc1cc(S(=O)(=O)Nc2ncns2)ccc1Oc1ccc(C(F)(F)F)cc1-c1ccnnc1,1
c1ccc(-c2nc(Cc3c[nH]c4ccccc34)nnc2-c2ccc(CN3CCOCC3)cc2)cc1,1
CN(C)CCCn1nc(-c2cnc3[nH]cc(C(=O)NC(C)(C)C)c3n2)c2cc(OC(F)F)ccc21,1
Cl.O=C(CCc1ccccc1)c1ccccc1OCC(O)CN1CCN(C(c2ccccc2)c2ccccc2)CC1,1
O=C(Cn1c(-c2cccc(Cl)c2)nc2ccc(OCCCN3CCCCC3)cc2c1=O)NC1CC1,1
O=C(OCc1ccccc1)N1CCC(CNc2ccncc2)CC1,0
C[C@@H](c1ccc(Cl)cc1)N1Cc2cncn2C(CC2(C)COC2)S1(=O)=O,0
N#Cc1cnn2c(NC3CC3)cc(Nc3ccc(N4CC[C@H](N)C4)c(-n4cnnc4)c3)nc12,1
CCCSc1c(C(=O)NC2CCCCC2)cnn1-c1cccc(C(=O)O)c1,0
COc1ccccc1C(=O)O[C@@H]1CO[C@H]2[C@@H]1OC[C@@H]2OC(=O)c1ccccc1OC(C)=O,1
CN(c1ccc(-c2ccc(-n3cccn3)cc2O)nn1)C1CC(C)(C)NC(C)(C)C1,0
CO[C@@H](CNC(=O)[C@H](NC(=O)[C@H](O)[C@H](C)O)[C@H](O)c1cncn1C)[C@H](O)[C@H](O)C(=O)N(C)[C@@H](Cc1ccccc1)C(=O)NCC(=O)N[C@H](C(=O)N[C@@H](CO)C(=O)N[C@H](C(=O)N[C@H](C(=O)N[C@@H](CO)C(=O)N[C@@H](CN)C(=O)NCc1cc(=O)c(O)cn1O)C(C)(C)C)C(C)(C)O)C(C)(C)O,1
COc1ccc(-c2ccccc2N2CCN(CCC(C)(C)CCOc3cnccn3)CC2)cc1,1
CC(C)N(Cc1ccccc1)c1ncc2cc(-c3c(Cl)cccc3Cl)c(=O)n(C)c2n1,1
CCCCNC(=O)/C=C/c1ccc(COC(Cn2ccnc2)c2ccc(Cl)cc2Cl)cc1,1
CCCC#CCOC(=O)N[C@@H]1CCN(C(=O)N[C@@H](C(=O)N2CCC[C@H]2c2nc(-c3ccc([C@H]4CC[C@H](NC(=O)c5cnccn5)CC4)cc3)c[nH]2)c2ccccc2)C1,1
COc1ccc(-n2nc(C)cc2C(=O)Nc2ccc(-c3ccccc3S(N)(=O)=O)cn2)cc1,1
O=S1(=Nc2ccc(C(F)(F)F)cc2)CCCC1,0
CC(C)N1CCN(Cc2ccc3cc(C(=O)Nc4cc(NC(=O)c5ccc6c(c5)OCCO6)ccc4Cl)ccc3n2)CC1,1
Cc1ccc(-n2nc(C(C)(C)C)cc2NC(=O)Nc2ccc(-n3nnnc3C)cc2)cc1,0
NC(=O)c1cc(-c2ccc(F)cc2)c2ccc(CCc3cccnc3)cc2n1,0
COc1ccc(Nc2ncc(C(C)(C)O)cc2-c2nc(C)nc(N)n2)cn1,0
COC(=O)N[C@H](C(=O)N1C[Si](C)(C)C[C@H]1c1ncc(-c2ccc(-c3ccc4c(ccc5nc([C@@H]6CC(F)(F)CN6C(=O)[C@@H](NC(=O)OC)C(C)C)[nH]c54)c3)cc2)[nH]1)C(C)C,1
CC(C)C(O)(c1ccc2cc(OCC(F)(F)F)c(OCC(F)(F)F)cc2c1)c1c[nH]nn1,1
Cc1cc(C(F)(F)F)cc(N2C(=O)OC[C@H]2C(=O)N(C)c2cccc(Cl)c2)n1,0
O=S(=O)(N[C@H](c1ccccc1)c1cc2ccccc2o1)c1ccc2c(c1)OCCCO2,0
Cc1cc(Oc2ccc(CCCC(=O)N(C)C)cc2F)c2c(N)c(C(N)=O)sc2n1,0
COc1cccc(CCOc2cc(N3CCOCC3)sc2C(N)=O)c1,0
CCC(=O)N1CC[C@@H](NC(=O)Nc2nc(C)c(C(C)=O)s2)[C@H](CN2CCC[C@@H](Cc3ccc(F)cc3)C2)C1,1
CC[S+]([O-])(=NC)c1ccc(Nc2ncc(C(F)(F)F)c(N[C@@H]3CCC[C@H]3N(C)C)n2)cc1,1
Nc1nc(-c2nn(Cc3ccccc3F)c3ncccc23)nc(N)c1N1C[C@@H](C(F)(F)F)OC1=O,1
Cc1cn(Cc2ccc(Cl)cc2Cl)c2c(/C=C/C(=O)NS(=O)(=O)c3cc(Cl)c(Cl)s3)cc(F)cc12,1
CCOC(=O)/N=C(\NC1=NC(=O)CN1C(C)C)Nc1ccc(Cl)c(Cl)c1,0
O=C(c1ccnc2ccc(-c3ccnc(F)c3)cc12)N1CCC[C@H]1CNS(=O)(=O)C(F)(F)F,1
CO[C@H]1C[C@@H](n2c(=O)n(C)c3cnc4ccc(-c5ccc(OCCCN6CCCC6)nc5)cc4c32)C1,1
Cc1cc(C#N)ccc1-c1ccnc(NCc2n[nH]c3nc(N)ccc23)c1,0
CNC(=O)c1ccc2c(c1)c1c(n2CCCNc2nc(OC)cc(OC)n2)CCCC1,0
NC(=O)[C@H]1OC(NC(=O)[C@@H]2CCCN2C(=O)[C@H](Cc2cnc[nH]2)NC(=O)[C@@H]2CCC(=O)N2)[C@H](O)[C@@H](O)[C@@H]1O,1
N[C@@H](Cn1c(=O)c(-c2ccccc2Cl)cn(Cc2c(F)cccc2C(F)(F)F)c1=O)c1ccccc1,1
CNc1nc2nc3c1[nH]c(=O)n3Cc1cccc(c1)OCCCCO2,0
CC1=CCC[C@H]1NC(=O)Nc1ccc(Cl)c(S(=O)(=O)[C@@]2(C)CCOC2)c1O,0
Cc1ncc(NC(=O)c2cc(NC(=O)c3cccc(C(F)(F)F)c3)ccc2Cl)s1,1
Cc1cc(Oc2cncnc2)cc(C(=O)Nc2cccc(F)n2)n1,0
COc1cc(-c2cnn3cc(OC)c(C(C)C)nc23)ccn1,0
CC(O)CCNC(=O)[C@@H](Cc1ccc(Cl)cc1)NC(=O)Cc1ccc(Cl)cc1,0
CCN(CC)[C@H](C)[C@@H](c1ccc2cc(OCC(C)(C)C(=O)O)ccc2c1)n1ccnc1,0
Cc1cc(C#N)cnc1C(=O)Nc1cc([C@]2(C)CO[C@@](C)(C(F)(F)F)C(N)=N2)c(F)cn1,1
CCOc1cc2nc(C3(OC)CC3)cn2cc1NC(=O)c1cccc(C(F)F)n1,0
NC(=O)c1cnc(Nc2ccccn2)cc1Nc1ccccc1Cl,0
CC[C@@H]1NC(=O)[C@H]([C@@H]2O[C@@H](Sc3ccc(Cl)c(OC)c3)C[C@H]2C)N(C)C(=O)[C@H](C(C)C)N(C)C(=O)[C@H](CC(C)C)N(C)C(=O)[C@H](CC(C)C)N(C)C(=O)[C@@H](C)NC(=O)[C@H](C)NC(=O)[C@H](CC(C)C)N(C)C(=O)[C@H](C(C)C)NC(=O)[C@H](CC(C)C)N(C)C(=O)CN(C)C1=O,1
O=C(NCC1(O)CCCCC1)c1cc(-c2ncc(F)cn2)ccc1Cl,0
CN1Cc2cc([N+](=O)[O-])ccc2N1,0
CC(C)(O)[C@@H]1CCN(c2cnc(C(F)(F)F)c(NC(=O)c3cccc(-c4cnn(CC5(C(F)(F)F)CC5)c4)n3)c2)C1,1
CCn1c(N2CCNCC2)nc2c([N+](=O)[O-])c(Br)c(Br)cc21,0
C[C@H](c1cccc2ccccc12)N(C)Cc1ccc(O)cc1,0
Cc1c(C(=O)Nc2cnn([C@H](C)c3ccc(C(F)(F)F)cc3C(F)(F)F)c2)noc1-c1ccccn1,1
N#Cc1cnc2c(Cl)cc(NCc3cn(-c4ccncc4)nn3)cc2c1Nc1ccc(F)c(Cl)c1,1
CNC(=O)C(c1ccc2nccn2n1)c1cc(-c2ncnc3cc(N4CCOCC4)ccc23)c(F)cc1Cl,1
NC(=O)[C@]12CC3CC(C1)[C@@H](NC(=O)N1CCN(c4ccc(N5CCN(S(=O)(=O)C6CC6)CC5)cn4)c4ccccc41)C(C3)C2,1
CCn1c2ccccc2c2cc(NC(=O)CN3CCC(N4C(=O)OCc5ccc(C)cc54)CC3)ccc21,1
CCc1ccc(-c2cc(Cl)cc3c2OC(C(F)(F)F)C(C(=O)O)=C3)cc1,0
C[C@H]1C(=O)NN=C2COc3cc(C(F)(F)F)c(NC4CNC4)cc3N21,0
Cc1ccc(NC(=O)C2(c3ccncc3C(C)C)CNC2)c(OC(F)F)n1,0
CN[C@@H]1CCN(c2nc(N)nc3c2oc2ccc(Cl)cc23)C1,0
NC1=N[C@@]2(c3cc(CNCC(F)(F)F)c(F)cc3F)CO[C@@H](CF)C[C@H]2CS1,0
C[C@]1(O)C[C@](c2ccc(C(F)(F)F)cc2)([C@H](O)c2ccccn2)C1,0
COc1cccc2c1nnn2CC1CC1,0
CC1(NC(=O)NS(=O)(=O)c2ccccc2F)CCN(c2ncnc3c2nc(-c2ccccc2Cl)n3-c2ccc(Cl)cc2)CC1,1
Cc1ccc(-n2c(-c3cnc(N4CCOCC4)nc3)cc3ccncc32)nc1,0
Cc1nc(-c2cnn3c2CN(CC2CCCC2O)CC3)c2c(=O)[nH]cnn12,0
COc1c(C)cnc(CN2C(=O)CC3(C2=O)C(=O)N(CC(=O)O)c2ccc(Cl)cc23)c1C,1
c1ccc(N2CCN(c3nc(-c4ccccn4)nc4ccccc34)CC2)cc1,0
Nc1nc(NC2CCCCC2)sc1C(=O)c1ccccc1F,0
CCOc1ccccc1OC(c1ccccc1)C1CNCCO1,0
CN(C)[C@H]1CN([C@H]2CCc3cccc(F)c32)C[C@@H]1c1cn(C)c2ccccc12,0
Cc1c(F)cccc1C(=O)N(CC(C)C)[C@H]1CCNC1,0
COc1ccc(S(=O)(=O)Nc2ccc(CN3CCN(C(=O)C4CCCN(C)C4)CC3)cc2)cc1,1
CC[C@H]1OC(=O)[C@@](C)(F)C(=O)[C@H](C)[C@@H](O[C@@H]2O[C@H](C)C[C@H](N(C)C)[C@H]2O)[C@](C)(OC)C[C@@H](C)C(=O)[C@H](C)[C@H]2N(CCCOC(=O)Nc3c(C)noc3C)C(=O)O[C@]12C,1
FC(F)(F)Oc1ccccc1CC(c1ccccc1)N1CCNCC1,0
O=C(N[C@H]1C2CC3CC1C[C@](OC(F)F)(C3)C2)c1ccc(N2C[C@@H]3[C@H](C2)[C@H]3C(=O)O)nc1SC1CCCC1,1
CN1CC(n2cc(Nc3nc(NC4(C)CC4)c4c(=O)n(C)ccc4n3)cn2)CCC1=O,0
CS(=O)(=O)[C@H]1CCCN(C(=O)c2cnc(NC3(c4cncnc4)CC3)nc2)C1,0
CN1C[C@H](C(=O)Nc2ccc(Cl)c(Cl)c2)[C@@H](c2ccc(/C=C/C(=O)Nc3ccccc3N)cc2)C1,1
CNC(=O)C[C@@H](C)c1ccn2ncnc(N[C@H]3CC[C@H](N4CCN(C(=O)OC)CC4)CC3)c12,1
COc1ccc2c(OC[C@@H]3C[C@H]4C(=O)N(C)CCCC/C=C/[C@@H]5C[C@@]5(C(=O)NS(=O)(=O)C5(C)CC5)NC(=O)N34)cc(-c3nc(C(C)C)cs3)nc2c1C,1
CNC(=O)N1CCN(Cc2ccnc(Nc3ncc(C#N)s3)c2C)CC1,0
CO[C@H]1CN(c2nc(-c3ncccn3)c(C(=O)O)s2)CC[C@H]1NC(=O)c1[nH]c(C)c(Cl)c1Cl,1
CCc1n[nH]c(CC)c1Oc1cc(C)cc(C#N)c1,0
COc1ccc(-c2ccc(Oc3cccc4c3CCCC4)c(NC(=O)Nc3ccccc3Cl)c2)cc1C(=O)O,1
Cn1cc(-c2cc(NS(C)(=O)=O)ccc2Oc2ccc(F)cc2)n2cncc2c1=O,0
O=C(N[C@@](Cc1ccccc1)(c1cc(F)cc(OC(F)(F)C(F)F)c1)c1ccc(Cl)cn1)N1CC[C@H](F)C1,1
O=C1Nc2ccccc2/C1=C/c1ccc([18F])cc1,0
CC1(C(=O)N2CCN(c3cncc4ccccc34)CC2)COC1,0
O=C([C@H]1CNCC[C@@]12OCc1cc(F)c(F)cc12)N(Cc1cccc(C(F)(F)F)c1Cl)C1CC1,1
Cc1nc(N)nc(-c2c(Nc3ccc4cccnc4c3)nc3ccccn23)n1,0
CCOP(=O)(Cn1ccc(NC(=O)c2cc(Oc3ccc(S(C)(=O)=O)cc3)cc(O[C@@H](C)CO)c2)n1)OCC,1
CC(C)C[C@@H](/C=C/CC(=O)NC1CC(C)(C)N([O])C(C)(C)C1)NC(=O)OCC[S+]([O-])CC1(C)COC1,1
Nc1ncc(N2CCN(c3cccc(-c4cnc(C5CC5)nc4)c3)CC2)c(N)n1,0
C[C@H]1NC(=O)c2cc(-c3cccc4c(=O)n(C[C@H]5CCCO5)c(NC(C)(C)C)nc34)[nH]c21,0
CCc1nc2nc(C)cc(Nc3cccc(Cl)c3)n2n1,0
O=C(Oc1ccccc1N1CCOCC1)c1coc(-c2ccccc2)n1,0
O=C(c1ccc2cc(Oc3ccc(C(F)(F)F)cn3)ccc2n1)N1CCN(CC(F)(F)F)CC1,1
Cc1ccnc2c3c(nn12)CN([C@H]1CO[C@H](c2cc(F)ccc2F)[C@@H](N)C1)C3,0
NC(=O)c1c(NC(=O)c2ccccc2Cl)sc2c1CCCC2,0
Cc1c(S(=O)(=O)c2ccc(NC(=O)[C@@H]3C[C@H]3c3cccnc3)cc2)cnn1C(C)C,0
C[C@H](Oc1ccc(-c2cc3c(C4=CCNCC4)ncnc3[nH]2)cc1F)c1ccccc1,0
COc1ccc(N2CCCN(c3c(C)c(C)c4c(c3C)CC(C)(C)O4)CC2)cc1,0
CN(c1ccncc1)c1cnc(NCc2c(F)ccc3c2CCO3)n2cnnc12,0
N#Cc1c[nH]c(C(=O)Nc2ccc(C3CCN(C(=O)Cc4c[nH]cn4)CC3)cc2C2=CCCCC2)n1,1
COC(C)(C)COc1cnc2c(c1)[C@]1(COC(N)=N1)c1cc(-c3cccnc3F)ccc1O2,1
CCCC(CCC)N1CCn2c(=O)n(-c3ccc(OC)cc3)c3nc(C)cc1c32,0
CC(C)(CC(O)(Cc1cc2cc(N3CCOCC3)ncc2[nH]1)C(F)(F)F)c1ccccc1S(C)(=O)=O,1
COC(=O)N[C@@H](C(=O)N1CCC[C@H]1C(=O)Nc1ccc(C#Cc2ccc(NC(=O)[C@@H]3CCCN3C(=O)[C@H](NC(=O)OC)c3ccccc3)cc2)cc1)c1ccccc1,1
N=C(N)c1ccc(CNC(=O)[C@@H]2CCCN2C(=O)[C@H](NS(N)(=O)=O)C(c2ccccc2)c2ccccc2)s1,1
CC(C)(C)NCC(O)c1ccc(O)c(CO)c1,0
CCCS(=O)(=O)N1CCN(C2(CNC(=O)c3c(OC)cc(F)cc3SC)CCCCC2)CC1,1
CC(C)(O)[C@@H]1CC[C@@H](NC(=O)c2ccc3nc(-c4ccccc4)cn3c2)CO1,0
Cc1ccc(-n2nc([Si](C)(C)C)cc2NC(=O)Nc2ccc(OCCN3CCOCC3)c3ccccc23)cc1,1
Cc1csc2cc([C@H](C)Nc3ncnc(N)c3C#N)c(-c3cccc(CN(C)CCCCN(C)Cc4ccccc4)c3)c(=O)n12,1
CNC(=O)Cn1cc(Nc2ncc(Cl)c(N[C@H]3[C@@H](C(N)=O)[C@@H]4C=C[C@H]3C4)n2)cn1,0
N#Cc1ccc(N2CCC(c3ccc(OCCCCCN4CCN(c5ccc6c(c5)CN(C5CCC(=O)NC5=O)C6=O)CC4)cc3)CC2)cc1C(F)(F)F,1
Cc1ccn(CC23CNCC[C@]2(c2ccc(Cl)c(Cl)c2)C3)n1,0
COc1ccc2c(c1)[C@]1(C[C@H]1c1ccc3c(/C=C/c4ccc(N5CCN(C)CC5)nc4)n[nH]c3c1)C(=O)N2,1
C=CCc1cccc(/C=N/NC(=O)CN2CCN(C(=O)c3ccccc3)CC2)c1O,0
CN(C)Cn1cnc2ccccc21,0
COc1ccnc(NC(=O)c2nnn(Cc3ccc(CN4CCOCC4)cc3)c2N)c1,0
C[C@]1(c2ccc(F)cc2)CN(C(=O)C2CCN(C(=O)C(N)=O)CC2)C[C@H]1c1ccc(C(O)(C(F)(F)F)C(F)(F)F)cc1,1
CC[C@H](C)[C@@H]1NC(=O)[C@H](CC(C)C)N(C)C(=O)C[C@@H](C(=O)N2CCCCC2)N(C)C(=O)[C@H](C2CCCC2)N(C)C(=O)C2(CCCC2)NC(=O)[C@@H]2CCCN2C(=O)[C@H](CCc2ccc(C(F)(F)F)c(Cl)c2)NC(=O)CN(C)C(=O)[C@H](CC2CCCCC2)N(C)C(=O)[C@@H]2CCN2C(=O)[C@H](C)N(C)C1=O,1
C[N+](C)(C)CCNC(=O)CCCCCOc1ccc2nc(C3(NC(=O)C[C@H](N)Cc4cc(F)c(F)cc4F)CCS(=O)(=O)CC3)sc2c1.O=C(O)C(F)(F)F.O=C([O-])C(F)(F)F,1
COc1cc(N2CCC(N3CCN(S(C)(=O)=O)CC3)CC2)ccc1Nc1nccc(-c2c(-c3cccc(C(=O)Nc4c(F)cccc4F)c3)nc3ccccn23)n1,1
CCN(C(=O)Cc1ccc(S(C)(=O)=O)cc1)C1CCN(CCC(c2ccccc2)N2CCN(S(C)(=O)=O)CC2)CC1,1
CCCn1c(NC(=O)c2cccnc2)nc2cc(F)c(F)cc21,0
COc1cc(Sc2c(-c3ccncc3)[nH]c3ccccc23)cc(OC)c1OC,0
CNC(=O)Nc1sc2c(OC)cccc2c1C(=O)N1CCC(N2CCCC3(C2)C(=O)N2CCCCN2C3=O)CC1,1
CC1(C)C[C@H](O)C[C@](C)(CNc2cccc(S(N)(=O)=O)c2)C1,0
Cc1cccc(-c2ccn3c(CC4CC4(F)F)nnc3c2Cl)c1,0
CCCOc1ccc(NC(=O)C(C)(C)c2csc(NS(=O)(=O)C3CC3)n2)cc1,0
CN1CC[C@H]2CN(c3cccc4c3C[C@H](CN(C)[C@H]3CCCc5cccnc53)NC4)C[C@H]21,0
COC[C@@H]1CCCN1Cc1cc(C(=O)Nc2ccc3c(c2)N(C)C(=O)CC3)ccc1-c1ccccc1.O=C(O)C(=O)O,1
Cc1ccc(NC(=O)C[C@H](CCC(=O)[O-])c2noc(-c3ncc(CC(C)C)o3)c2C2CC2)c(Cl)c1.[Na+],1
CC(C)(C)Cc1cnc2c(c1)[C@@H](NC[C@@H](O)[C@H](Cc1ccc3c(c1)OCO3)NC(=O)c1cccnc1)CC1(CCC1)O2,1
O=C(COc1cccc(Cl)c1)NC1CCN(Cc2ccn(-c3ccc(OC(F)(F)F)cc3)c2)CC1,1
CCc1cc(-c2noc(-c3cc(C)cc(CN(C)C)c3)n2)cc(C)c1OC[C@@H](O)CNC(=O)CO,1
CNc1nc(Nc2ccsc2)nc2[nH]cnc12,0
O=c1c2cccnc2ncn1Cc1noc(CCc2ccc(Cl)cc2)n1,0
CCC[C@H](CCO)Nc1nc(N)nc2cnn(Cc3ncc(C4CCN(C5CCOCC5)CC4)cc3OC)c12,1
N[C@@H]1C[C@H]1c1ccccc1.N[C@H]1C[C@@H]1c1ccccc1,0
Cn1nc(-c2cnc(N)c(-c3ccc(C(N)=O)cc3)n2)nc1C1(c2ccccc2)CC1,0
CCCN1CCC(N(Cc2cc(F)cc(C(F)(F)F)c2)C(=O)Nc2cccc(C(F)(F)F)c2)CC1,1
O=c1c(Br)c(OCc2ccc(F)cc2F)ccn1Cc1cccc(F)c1,0
O=C(Nc1ccc(O[C@H]2CC[C@@H](C(=O)O)CC2)nc1F)c1nnc(Nc2ccc(F)c(F)c2)o1,1
CC(C)C1CC(=O)N(C[C@H]2CC[C@H](C(=O)N3CCN(c4ccccc4)CC3)CC2)C(=O)N1,1
CC(C)C(c1ccc(-c2ccc3cccc(F)c3c2)[nH]c1=O)N1CCN/C1=N\C#N,0
CC(C)C1CN(C(=O)Nc2ccc(Cl)cc2)CCN1/C(=N/C#N)Nc1cccc2nc(F)ccc12,1
CC1CCCCN1S(=O)(=O)c1ccc(NC(=O)NCc2cccnc2)cc1,0
O=C1O[C@]2(CC[C@H](CNc3ccc(-c4ncccc4F)cn3)CC2)CN1c1cccnn1,0
Cn1c(C(O)c2ccc(F)c(-c3ncnc4cc(N5CCOCC5)ccc34)c2)nccc1=O,1
CN(C(=O)c1cn2c(-c3ccc(C(N)=O)cc3)cnc2cn1)c1ccc(F)cc1,0
COc1ccc(-c2nnc(C(=O)N3CC(Oc4ccc(CN5CC6(COC6)C5)cc4)C3)o2)cc1,1
O=C(O)c1ccc(S(=O)(=O)N(Cc2ccc(C(F)(F)F)cc2)c2ncc(Cl)cc2Cl)cc1,1
O=C(O)Cc1ccc(O)cc1Nc1c(Cl)cccc1Cl,0
O=C(Nc1ccc(C2CCN(C(=O)[C@@H]3CCCO3)CC2)cc1)N1Cc2ccc(Cl)cc2C1,1
CNc1nc(NC2(C#N)CCCCC2)nc(N(C)C)n1,0
CCCC(CCC)Oc1ccc(-c2ccccc2-c2nn[nH]n2)cc1NC(=O)Nc1ccc(C)cc1,1
C[C@]12CC[C@@H]3c4ccc(B(O)O)cc4C[C@@H](CCCCCCCCC[S+]([O-])CCCCC(F)(F)C(F)(F)F)[C@H]3[C@@H]1CC[C@@H]2O,1
CC(C)C(CC1NC(=O)NC1=O)c1ccc(-c2ccc3cccc(F)c3c2)[nH]c1=O,0
NC(=O)c1cccc(C(O)(c2cccnc2)c2ccc(Cl)cc2F)c1,0
N#Cc1ccc(N2CCN(Cc3cc(C(=O)O)c(=O)n4ccccc34)CC2)cc1,0
CNC(=O)c1nn(C)c2ccc(Nc3nccc(-n4cc(CN(C)C)c(F)n4)n3)cc12,0
COc1c(C)cnc(CN2CC(=O)Nc3c(Cl)nc(N)nc32)c1C,0
COc1ccc2nccc(OC[C@@H]3CC[C@@H](NC(=O)c4ccc(I)c(F)c4)CO3)c2n1,1
C=CCc1ccc(O)c(-c2cc(CC=C)ccc2O)c1,0
COc1nnc2ccc(N3CCC(c4ccc(OCCN5[C@H](C)CN(C(C)=O)C[C@@H]5C)cc4)CC3)nn12,1
Cc1ncsc1-c1ccc([C@H](C)NC(=O)[C@@H]2C[C@@H](O)CN2C(=O)[C@@H](NC(=O)CCCCCCNC(=O)c2ccc3c(c2)nc(Nc2cccc(Cl)c2)c2ccncc23)C(C)(C)C)cc1,1
CCCOCCn1c(=O)c(NCCN2CCOCC2)nc2ncc(-c3ccc(OC)nc3)cc21,1
CCn1cc(CN2CCn3c(ccc(-n4cnc(C)c4)c3=O)C2=O)c2cc(C(F)(F)F)ccc21,1
Cn1c(C(=O)NCc2ccc(S(=O)(=O)c3ccccc3)cc2)cc2ccncc21,0
CC(C)C[C@@]1(C(=O)O)C[C@H](C(N)=O)[C@H](c2nccs2)N1C(=O)c1ccc(C(C)(C)C)c(Cl)c1,1
CC(=C/C=C/C(C)=C/C(=O)O)/C=C1\CCCCc2ccccc21,0
O=C(Cc1nnc(-c2cc(Cl)cc(C3CCN(CC(F)F)CC3)c2)o1)N1CCC(n2c(=O)[nH]c3ncccc32)CC1,1
COc1cc(Cl)ncc1NC(=O)C1(c2ncccc2C(C)C)CN(S(N)(=O)=O)C1,1
O=C1OCCN1c1ccc2c(c1)N(S(=O)(=O)c1ccc(C(F)(F)F)cc1)C(C1CC1)c1c[nH]nc1-2,1
CC(C)[C@H](NC(=O)C(O)(CCC(=O)Nc1cc(C(=O)N[C@H](C)c2ccccc2)cc(N(C)S(C)(=O)=O)c1)CCc1ccccc1)C(=O)Nc1ccccc1,1
CC(=O)N[C@@]1(C)COc2c1cc([C@@](O)(CNC(=O)c1cc(OC3CC3)c3ncc(F)cc3c1)C(F)(F)F)nc2-c1ccc(F)cc1,1
CCO[C@@H]([C@H]1C[C@@H](C)[C@H]2[C@H](O1)[C@H](O)[C@@]1(C)[C@@H]3CC[C@H]4C(C)(C)[C@@H](O[C@H]5CN(C6CN(CCO)C6)CCO5)CC[C@@]45C[C@@]35CC[C@]21C)C(C)(C)O,1
COc1nc2ccc(Br)cc2cc1[C@@H](c1cc(C)c(C)s1)[C@@](O)(CCN(C)C)c1cccc(F)c1,1
COc1ccc(Nc2nccnc2-c2cc(N)nc(C)n2)cn1,0
C[C@H](c1ccc(F)cc1)N1C(=O)O[C@](Cc2ccccc2)(c2nc3cc(Cl)ccc3[nH]2)C1=O,1
Cc1nc(Nc2ncc(C(=O)Nc3c(C)cccc3Cl)s2)cc(N2CCN(CCCN3CCN(Cc4ccc(C5CCC(=O)NC5=O)cc4)CC3)CC2)n1,1
Cc1cc(C(=O)NN2CCOCC2)nn1Cc1cc(Cl)cc2cc(C(C)C)oc12,0
COc1cc(C)c(C(O)c2cc(-c3ncnc4cc(N5CCOCC5)ccc34)c(F)cc2Cl)nn1,1
N=[11C](N)NCCc1ccccc1,0
CCCCCOC(=O)N1CCN(C(=O)[C@H](CCC(=O)O)NC(=O)c2cc(OC3CCN(CCOC)CC3)cc(-c3ccccc3)n2)CC1,1
C[C@H](c1ccnc(Nc2nc3ccc(-c4cnn(CC5CC5)c4)cc3[nH]2)c1)N1CCN(C(=O)CC(F)(F)F)CC1,1
CC(C)(C)n1nc(-c2ccc3cc(OC4CC4)ccc3c2)c(C(N)=O)c1N,0
CS(=O)(=O)c1ccc(C#CC(O)(c2ccc(N(CC3CCCC3)S(=O)(=O)c3ccccc3)cc2)C(F)(F)F)cc1,1
Cc1cn([C@@H]2C[C@H](O)[C@@H](CNC(=O)Nc3ccc(OCc4ccccc4Cl)cc3)O2)c(=O)[nH]c1=O,1
CC(C)N1CCC(Oc2ccc3c(c2)cc2n3CCN(Cc3ccc(F)cc3)C2=O)CC1,0
CCc1ncc(COC(=O)N[C@H](C(=O)N[C@@H](Cc2ccccc2)[C@H](O)CN2CCN(Cc3ccc(OC)c(OC)c3)C[C@H]2C(=O)NC(C)(C)C)C(C)C)s1,1
NC(=S)n1nc(-c2ccc([N+](=O)[O-])cc2)c(CCc2cccc(Cl)c2)c1O,0
CN(C(=O)Oc1ccc(Oc2ccc(C(F)(F)F)cn2)cc1)c1ccccc1,0
CC(C)c1nccn1Cc1cn(-c2ccc(F)c(C(F)F)c2)nn1,0
CN1C[C@H]2C[C@@H](N(Cc3ccc(F)c(C(F)(F)F)c3)C(=O)c3cn(C)cn3)C[C@H]2C1,0
Cc1ccc(S(=O)(=O)N2CCNC(=O)[C@H]2CC(=O)N[C@@H]2CCCc3cc(CN4CCC(C)CC4)ccc32)cc1,1
CCn1c(=O)[nH]c(=O)c2c1nc(Cc1cn3cc(C)sc3n1)n2Cc1ccccc1,0
N=C(N)NCCC[C@@H]1NC(=O)[C@@H](Cc2ccccc2)NC(=O)[C@H](Cc2ccccc2)NC(=O)CCCCC(=O)NCCCN(CC(N)=O)C(=O)[C@H](Cc2c[nH]c3ccccc23)NC1=O,1
CCCN(c1cncnc1)C1CCN(C[C@H]2CN([C@H](CC3CCC3)C(=O)O)C[C@@H]2c2cccc(F)c2)CC1,1
COc1cccc(C(=O)NC2CC3CCC(C2)N3c2ccc(C(=O)NCc3ccc(N4CCN(C)CC4)cc3)cn2)c1C,1
CCOC(=O)c1cnc(N2CC(NC(=O)NS(=O)(=O)c3ccccc3)C2)c(Cl)c1,1
O=c1[nH]cc(SCc2ccc(Cl)cc2)[nH]c1=O,0
NCc1c(N)nc(-c2ccccc2)nc1-c1ccc(Cl)cc1Cl,0
COc1cc(-c2nnc3n2CCCC32OCc3ccccc3N(CC(F)(F)F)C2=O)ccc1-c1cnc(C)o1,1
Cc1cc(Nc2nc(NCc3ccc(F)cc3F)nc3cc(C(F)(F)F)ccc23)n[nH]1,0
O=C(NCc1cccnc1)Nc1ccc(S(=O)(=O)c2ccccc2)cc1,0
Cc1cc2c(c(-c3ccccc3OCC(F)(F)F)n1)CN(c1ccc(C(C)(C)O)cc1)C2=O,1
COc1ncc(C(=O)N2CCN(C(=O)/C=C/c3ccc4c(c3)OC(F)(F)O4)CC2)cn1,0
CCCc1ccc(C(=O)CCCN2CCC(C(O)(c3ccccc3)c3ccccc3)CC2)cc1,1
CC(C)Oc1ccc(C(O)(c2ccc(C(F)(F)F)cc2)c2cccnc2)cc1,0
O=C(Nc1ccc2[nH]nc(-c3ccncc3)c2c1)[C@@H]1CCN(CC(=O)N2CCN(c3ccc(-c4ncccn4)cc3)CC2)C1,1
CN(C(=O)c1csc(-c2cccnc2)n1)c1ccc(OCc2ccc3ccccc3n2)cc1,1
Cc1cc(/C=C/C#N)cc(C)c1Oc1ccnc(Nc2ccc(CN3CCN(S(C)(=O)=O)CC3)cc2)n1,1
NCCCn1c2c(c3ccc(N)cc3c1=O)C(=O)c1ccccc1-2,0
CCCCN1CCCCC1C(=O)Nc1c(C)cccc1C.Cl,0
COc1ccc2c(c1)C1=NN(C(C)=O)[C@@H](Cc3ccccc3)[C@H]1CC2,0
c1ccc(Nc2nccc(-c3cnn4nc(N5CCOCC5)ccc34)n2)cc1,0
C[C@@H](O)c1nc2cnc(Nc3ccnc(N4CC[C@H](O)[C@H](F)C4)n3)cc2n1[C@H](C)C(F)(F)F,1
N#Cc1ccccc1Cn1c(N2CCC[C@@H](N)C2)nc2c(-c3ccsc3)c[nH]c2c1=O,0
O=S(=O)(c1ccc(Nc2ncnc3sccc23)cc1)N1CCC(F)(F)C1,0
COc1cc(F)ccc1-c1nccc2c1CN(c1ccc(F)cc1)C2=O,0
O=C(CN1CCN(c2cccc3c2cnn3-c2ccccc2F)C1=O)N1CCC[C@H](F)C1,1
O=C(N[C@H]1CCc2c(C(=O)Nc3ccc(F)c(Cl)c3)ccc(F)c21)OCCn1ccnc1,1
CC(C)[C@H](NC(=O)c1ccc(-c2ccc(CNc3nc4c(c(=O)[nH]3)CCC4)c(F)c2)o1)C(=O)NC1COC1,1
COc1cc(NC(=O)c2cc(=O)c3ccccc3o2)c(C(=O)Nc2ccc(N3CCN(Cc4ccc5c(c4)OCO5)CC3)cc2)cc1OC,1
c1cnc2ccc(Cn3nnc4nccnc43)cc2c1,0
N#Cc1cc([C@H]2CC[C@@H](C(N)=O)N2)ccc1OCc1ccccc1F,0
O=C(c1cnc(-c2ccccc2)s1)C(F)(F)F,0
CC(C)n1cc(C(=O)Nc2ccc(Oc3ccnc(NC(=O)C4CC4)c3)c(F)c2)c(=O)n(-c2ccc(F)cc2)c1=O,1
CN(C)[C@H]1CCN(c2ccc(-n3ncc4cc(-c5ccc(C(F)(F)F)cc5)[se]c4c3=O)cn2)C1,1
CCOC(=O)C1=C(C)N/C(=C/c2cc(C)n(-c3cc(OC)c(OC)c(OO)c3)c2C)C1=O,1
O=S(=O)(c1ccccc1)n1ccc2cc3c(cc21)CCNCC3,0
COc1cc(F)ccc1C1CN(c2nc(-c3ccncc3)cc(=O)n2C)CCN1.Cl,0
CN1CCc2ccc(Nc3nnc(-c4cc(-c5cccnc5)cc(C(F)(F)F)c4)o3)cc2C1,1
Cc1nnc(C(C)C)n1[C@@H]1C[C@H]2CC[C@@H](C1)N2CC[C@H](NC(=O)C1CCC(F)(F)CC1)c1ccsc1,1
C[C@@H]1Cc2c([nH]c3ccccc23)[C@@H](c2ccc(NC3CN(CCCF)C3)nc2)N1CC(F)(F)CO,1
C[C@H](CNc1ccc(CCS(=O)(=O)NC(=O)c2ccccc2)cc1)NC[C@H](O)c1cccc(Cl)c1,1
Nc1nonc1-c1nc2ccccc2n1CC(=O)Nc1ccc(Br)c2ccccc12,1
CCOc1ccc(F)c([C@@H](Nc2ccc3c(N)nccc3c2)C(=O)N2CCC[C@@H]2c2cc(NC(=O)OC)ccc2S(=O)(=O)C(C)C)c1,1
CCCCc1nc(=O)c(S(=O)(=O)c2ccc(-c3ccc(F)nc3)cc2)c(O)n1-c1c(OC)cccc1OC,1
O=S(=O)(Cc1ccccc1)Nc1ccc(Oc2ncccc2-c2ccnc(N[C@H]3CCCNC3)n2)c(F)c1F,1
CC1(C)CN(c2ccccc2NC(=O)Nc2ccc(OC(F)(F)F)cc2)c2c(O)cc(F)c(-c3ccc(F)cc3)c21,1
O=C(CCc1nnnn1-c1cccnc1)c1ccccc1,0
Cc1nnc(N2CC[C@@H](F)C2)c2nn(-c3ccc(OCC(F)(F)F)cc3)c(C)c12,0
CNC(=O)c1nc(-c2ccc(F)c(S(=O)(=O)Nc3ccccc3)c2)cnc1N,0
COc1nc(N2C[C@H]3C(=O)N(C)C(N)=N[C@@]3(c3c(F)cc(F)c(F)c3F)C2)nc(C)c1F,1
Cn1nccc1-c1cc(C(F)(F)F)ccc1[C@H]1CCOc2cc(S(=O)(=O)Nc3ncccn3)ccc21,1
CC(C)NC(=O)N(C)c1cnc2ccc(-c3ccc(OCCN(C)C)nc3)cc2n1,0
CN1CC2(CCN(c3ccnc(CN4CCN(c5ccc(Cl)cc5)CC4)c3)C2)C1,0
CCCC[C@H](NC(=O)O[C@H](Cn1ccc(-c2ccc(C(F)(F)F)cc2)n1)C(C)(C)C)C(=O)C(=O)NCc1ccno1,1
NC(=O)c1c[nH]c2c(Cl)cc3c(c12)CN(CC(F)(F)F)C(=O)[C@H](CC(=O)N1CCC(n2c(=O)[nH]c4ncccc42)CC1)C3,1
O=C(C=C1CCN(C(=O)c2ccccc2F)CC1)N[C@@H]1CCN(Cc2ccc3cc(F)ccc3c2)C1,1
O=C1c2cc(-c3ccc(OC(F)(F)F)cc3F)ccc2OCCN1Cc1ncccn1,0
CC(C)NCc1ccc(-n2cc3cccc(C(N)=O)c3n2)cc1,0
COc1cc(F)c(C(=O)N2CCC(C)(C(=O)O)CC2)cc1C(=O)N[C@H]1[C@@H](C(=O)Nc2cccc(S(=O)(=O)C(F)(F)F)c2)[C@@H]2C=C[C@H]1C2,1
Cc1c(C(=O)N2CCC(NC(=O)OC(C)(C)C)(c3ccccc3)CC2)nn(-c2ccc(Cl)cc2Cl)c1-c1ccc(Cl)cc1,1
O=c1cc(N2CCN(Cc3ccccc3)CC2)sc2c([N+](=O)[O-])cc(C(F)(F)F)cc12,1
C=CCn1c(=O)c2cnc(Nc3ccc(N4C[C@@H](C)N[C@@H](C)C4)cc3)nc2n1-c1cccc(-c2cccnn2)n1,1
CCN1CCN(c2ccc(NC(=O)c3ccc(-c4cccnc4)cc3)cc2)CC1,0
CCNC(=O)NCc1nc(-c2cn(CC3CCOCC3)c3c(Cl)cccc23)no1,0
CNC(C)C1(c2ccc(Cl)c(Cl)c2)CCCCC1,0
c1cc2c(N3CCNCC3)nc(-c3ccnc(NC4CCCCC4)c3)cc2cn1,0
COCCCn1c(NC(=O)c2ccc(C#N)cc2)nc2cc(CN(C)C3CCCCC3)ccc21,1
O[C@]1(c2ccccn2)CC[C@H](c2ccc(C(F)(F)F)cc2)C1,0
CC1C(=O)N(C)c2ccc(C(=O)N3CCc4ccccc43)cc2N1C1CCCC1,0
CC1(C)Oc2ccc(Cl)cc2C2OCC3(CCN(Cc4c[nH]cn4)CC3)CC21,0
CCS(=O)(=O)c1ccc(C(NC(=O)c2ccccc2)C(=O)Nc2ccc(C(O)(C(F)(F)F)C(F)(F)F)cc2)cc1,1
COCCn1cnc2ccc(NC(=O)Nc3cccc(C(O)C(F)(F)F)c3)cc2c1=O,0
CC(C)NCCn1c2ccc(C3(C(F)(F)F)CC3)cc2c2cc(C3(C(F)(F)F)CC3)ccc21,1
CCC(=O)c1sc(-c2ccc(OC)cc2)c(C)c1-c1ccc(S(N)(=O)=O)cc1,0
CNC(=O)C1Cc2ccccc2N1C(=O)COc1ccccc1,0
Clc1cccc(N2CCN(c3nc4cc(Nc5ccnc6cc(Cl)ccc56)ccc4o3)CC2)c1,1
C=CCN1CC(=O)N2[C@@H](Cc3ccc(O)cc3)C(=O)N(Cc3cccc4c(C(=O)N5CCN6CCN(C(=O)OC(C)(C)C)CC6C5)cn(C)c34)C[C@@H]2N1C(=O)NCc1ccccc1,1
Cc1c(Cl)cnc2sc3c(N4CC5(COC5)C4)ncnc3c12,0
Cc1nn(-c2ccc(F)cn2)cc1C(=O)Nc1nc(C2CCC2)c(CCN2CCCCC2)s1.Cl.Cl,1
Cn1c(N2CCO[C@@H](c3ccc(F)cc3)C2)nc(-c2ccncn2)cc1=O,0
Cc1ccccc1C1CCN(S(=O)(=O)CC2(C(=O)NO)CCN(C(=O)OC3CCCC3O)CC2)CC1,1
COc1cc2c(cc1N1C[C@@H](C)N[C@@H](C)C1)N(C(=O)c1ccc(-c3cccc(C)n3)c3ccccc13)CC2,1
COc1cccc(F)c1-c1ccc(CO[C@@H]2COc3nc([N+](=O)[O-])cn3C2)cc1,0
CC(=O)c1sc(NC(=O)N[C@@H]2CCN(C(=O)C3CCCC3)C[C@H]2CN2CCC[C@@H](Cc3ccc(F)cc3)C2)nc1C,1
CCCO[C@H]1CC[C@](C)(N2CCC(N3C(=O)Cc4ccc(C)cc43)CC2)CC1,0
CS(=O)(=O)c1ccc(CC(=O)Nc2cc(Cl)c(-c3ccccc3OC(F)(F)F)c(Cl)c2)cc1,1
C[C@H](c1c(Cl)ccc(C2CC2)c1Cl)n1cnc2cnc(-c3ccccc3[C@@H](C)C(=O)O)cc21,1
CC(=O)Nc1cc(Nc2cc(Nc3cn(CCO)cn3)n3ncc(C#N)c3n2)ccc1C,0
CC(C)c1c(COc2cccc(OCC3CCOCC3)c2)[nH]c2ccccc2c1=O,0
COCC1=C(c2nc3cc(F)ccc3n2C)C(c2ccc(Cl)c(Cl)c2)n2nccc2N1,1
CCc1nc(C)c(C(=O)O)n1Cc1ccc2oc(-c3ccccc3-c3nn[nH]n3)c(Br)c2c1,1
Nc1ncnc2c1C(=O)N(c1ccc([C@H]3CC[C@H](CC(=O)N4CCCC4)CC3)cc1)CCO2,1
COc1cc(NC(=O)Cc2ccc(Br)cc2)ccc1C[C@H]1COC(=O)N1,0
COCC(=O)N[C@@H](Cc1cccc(-c2cscn2)c1)[C@H](O)CN[C@H]1CC2(CCC2)Oc2ncc(CC(C)(C)C)cc21,1
CN(C)C(=O)Nc1ccc(S(=O)(=O)N[C@H]2CC[C@H]([C@H](N)C(=O)N3CCCC3)CC2)cc1,1
CCCSc1ncccc1C(=O)N(C)C1CCCCC1,0
C=C(c1ccccc1)[C@@H]1OC[C@@H](N)[C@H](C)O1,0
CCC(CC)c1ccc(Cl)c2nc(Oc3c(C)cc(C#N)cc3Cl)n(C)c12,0
CC(C)(O)[C@H]1CC[C@H](NC(=O)c2ccc3nc(-c4cccc(F)c4)cn3c2)CC1,0
C[C@]12CCOC[C@@H]1[C@]1(COC(N)=N1)c1cc(-c3cncc(F)c3)ccc1O2,0
COc1ccc(-c2ccccc2)cc1NS(=O)(=O)c1cc(Cl)cc(Cl)c1O,0
Cc1cc(C(=O)NC2CCC(=Cc3cccc(Oc4ccc(C(F)(F)F)cn4)c3)CC2)cnc1N,1
CC[C@@H]1CC[C@@H](C(=O)N2CCN(C)[C@H](C)C2)N1C(=O)C1=C(C(C)C)N2C(=N[C@@](C)(c3ccc(Cl)cc3)[C@H]2c2ccc(Cl)cc2)S1,1
CN(C)CCc1c[nH]c2ccccc12,0
CC(C)CCn1nc(-c2cccs2)c(O)c(C2=NS(=O)(=O)c3cc(NC(=O)C4CC4)ccc3N2)c1=O,1
CC(C)n1nc(-c2ccc3oc(N)nc3c2)c2c(Br)nc(N)nc21,0
O=C(NCCCN1CCCC1)c1cccc(-c2ccccc2N2CCN(CCc3ccc(Cl)c(Cl)c3)CC2)c1,1
NC(=S)N/N=C/c1ncccc1N,0
CCCCCCCCCCCCC/C=C/[C@@H](O)[C@H](CO)NC(=O)CCCCC,0
O=C(O)COc1ccc2c(c1)oc1ccccc12,0
Cc1ncc(-c2ccnc(Nc3ccccc3)n2)n1C(C)C,0
O=C(Nc1ccc(OCC(F)(F)F)nc1)[C@@H](c1ccccc1)N1CCN(C(=O)c2cc(F)cnc2Cl)CC1,1
CC(C)Oc1ccc(-c2nc(-c3ccc(F)c4c(CCC(=O)O)cn(C)c34)no2)cc1Cl,1
COc1cc(C2CN(C(=O)c3cc(COC[C@@H](O)CO)ccn3)C2)ccc1OCc1ccc(C2CC2)cc1,1
Cc1nc2cc(OC[C@H](O)CN3CCN(Cc4noc(-c5ccc(C(F)(F)F)cc5)n4)CC3)ccc2s1,1
COc1cc(-n2ncc3c(-c4cccc(-c5ccc(CNC[C@@H]6CCC(=O)N6)c(OC)n5)c4Cl)cccc32)cc(OC)c1CN1CC(C)(O)C1,1
C=CCn1c(=O)c2cnc(Nc3ccc(N4CCN(C)CC4)cc3)nc2n1-c1ccc2c(n1)C(O)(CC)CC2,1
Cc1noc2c1-c1ccc(-c3cnn(C)c3)cc1N(c1ccc(C#N)cc1)CC2CC(N)=O,0
CCC[C@@H](C)Oc1ccc(C(C)(C)C)cc1NC(=O)c1nnn(-c2cc(OC)ccc2OC)c1C,1
CN1CCC(Nc2nc(Nc3ccc(F)c(Cl)c3)nc3ccccc23)CC1.Cl.Cl,1
Cc1cc(Nc2ccc(C(F)(F)F)cc2)n2nc(CCO)nc2n1,0
CCN(CCN1CCC(c2noc3cc(F)ccc23)CC1)S(=O)(=O)CCO,0
CCn1cnc2c(-c3ccc(F)c(-c4ccc(S(=O)(=O)CC)cc4)c3)cnnc21,0
COc1cc(C(=O)NC[C@](O)(c2cc(C(C)(C)O)c(F)c(-c3ccc(F)cc3)n2)C(F)(F)F)cc2cc(C3CC3)cnc12,1
CC(C)NC(=O)C1CCN(c2nc(-c3ccnc(NC4CCOCC4)c3)cc3cnccc23)CC1,1
O=C(NO)c1ccc(Nc2c3ccccc3nc3ccccc23)cc1,0
COc1ccc(OCC(O)CN2CCN(C(C(=O)NCc3ccccc3)c3ccc(C(F)(F)F)cc3)CC2)cc1,1
COc1cc(C(F)(F)F)cc2c1nc(C)c1c(C)nc(-c3ccncc3C)n12,0
Cn1ccc([C@H]2C[C@H](N(c3cc(F)c(NC(=O)c4ccnn(-c5ccc(F)cn5)c4=O)cc3Cl)c3nccn4nccc34)C2)n1,1
Cc1c(Nc2nc3c(s2)CCCC3=O)cc(Cl)cc1OC1CCN(C(=O)CC(C(F)(F)F)C(F)(F)F)CC1,1
COc1cnc(C(=O)Nc2ccc3c(c2)[C@@]2(COC(N)=N2)C2(CC2)C(C)(C)O3)cn1,0
O=C1CC2(CCN(C(=O)OC3([C@H]4COC[C@@H](CC5CC5)N4S(=O)(=O)c4ccc(Cl)cc4)CC3)CC2)N1,1
O=C(N[C@@H]1CN2CCC1CC2)c1cccc2oc(N3CCOCC3)nc12,0
O=C(O)c1ccc(C2(NC(=O)c3cccc4ccn(Cc5ccc(C(F)(F)F)cc5)c34)CC2)cc1,1
Cc1ncsc1-c1ccc(CNC(=O)[C@@H]2C[C@@H](O)CN2C(=O)[C@@H](NC(=O)C2(C#N)CC2)C(C)(C)C)cc1,1
O=C(/C=C/c1ccc(F)cc1)c1ccccc1,0
CC(C)S(=O)(=O)c1ccc(O[C@@H](C)C(F)(F)F)c(C(=O)N2Cc3cn(-c4ccccc4)nc3C2)c1,1
Clc1cc2cnc(Nc3cnn(C4CC4)c3Cl)nc2cc1C1CCN(C2COC2)CC1,1
CN1CCC[C@@H]1CCN1CCCc2cc(NC(=N)c3cccs3)ccc21.Cl.Cl,1
CC(C)[C@@H](Nc1cc(-c2c(N)nn3cccnc23)ncn1)c1ccc(F)cc1,0
NC(=O)[C@@H]1C[C@H](F)CN1Cc1ccc(OCc2cccc(F)c2)cc1,0
COC(=O)N[C@H](C(=O)N1CCC[C@H]1c1ncc(-c2ccc3c(c2)CCc2cc(-c4cnc([C@@H]5CCCN5C(=O)[C@@H](NC(=O)OC)C(C)C)[nH]4)sc2-3)[nH]1)C(C)C,1
Cc1[nH]c(C(=O)Nc2nc3c(OCc4ccccc4)cc(C(=O)O)cc3s2)c(Cl)c1Cl,1
C#Cc1cccc(Nc2nccc3c(Nc4ncccc4-c4cc(NC)ncn4)c(C)ccc23)c1,1
CN1C(C)(C)CC(Nc2cc(F)c(S(=O)(=O)Nc3nccs3)cc2Cl)CC1(C)C,1
C[C@@H]1[C@@H](C)OCCN1c1nc(-c2ccncc2F)cc(=O)n1C,0
C=CCN1CC(=O)N2[C@@H](Cc3ccc(O)cc3)C(=O)N(Cc3cccc4c(C(=O)N5CCCN(C)CC5)cn(C)c34)C[C@@H]2N1C(=O)NCc1ccccc1,1
Cc1cc(Cl)cc2c(C(O)c3ncco3)c3c(C)n[nH]c3nc12,0
Br.N=C(N)SCc1cccc2c1sc1c(CSC(=N)N)cccc12,1
COCCCn1cc(CN(C(=O)[C@H]2CNCCO2)C2CC2)c2cccnc21,0
O=C1NCC2c3c(cccc31)CCN2C(=O)c1cc(Cc2n[nH]c(=O)c3ccccc23)ccc1F,1
O=C(NCCO)c1cc(NC(=O)c2cc(-c3ncccc3F)c(Cl)cc2Cl)n(-c2ccccc2)n1,1
C#Cc1ccnc(C#Cc2ccc3ncn(-c4ccnc(N)n4)c3c2)n1,0
Cc1ccc(-c2ccc(C(=O)N(C)[C@H]3CCN(C(=O)N4CC[C@@H](NC5CCC(C)(C)CC5)C4)C3)s2)cc1,1
Cc1c(OCCCCOc2ccc(F)c(C(=O)O)c2)ccc(C(=O)CC(C)C)c1O,0
COc1cc2ccc(Br)cc2cc1[C@@H](c1cccc(OC)c1F)[C@@](O)(CCN(C)C)c1cccc2c1CCC2,1
N#Cc1ccc(CC(=O)c2nn3c(c2Cl)CCCC3)nc1,0
Cc1nc(C)c(C(=O)N2CCCC(c3cc4ncccc4[nH]3)C2)s1,0
CC(C)=CCOc1cc(Oc2ccc(S(=O)(=O)C3CC3)cc2)cc(C(=O)Nc2nccs2)c1,1
Cc1ccc2nc(N3CCNc4ccccc4C3)cc(NCCN)c2c1,0
N#Cc1ccccc1Cn1c(N2CCC[C@@H](N)C2)nc2[nH]c(-c3ccc(C(F)(F)F)cc3)cc2c1=O,1
CCOc1cc(C(=O)Nc2cc(C(F)(F)F)ccn2)ccc1-c1nc(C23CCC(C(=O)O)(CC2)CC3)n2ccnc(N)c12,1
O=C(COc1ccc(-c2ccccc2)cc1)Cn1nnc2ccccc21,0
c1cncc(-c2cc(Nc3cnc4ccccc4c3)nc(N3CCOCC3)n2)c1,0
COC(=O)N[C@H](C(=O)N1CCC[C@H]1c1ncc(-c2cc(F)c3c(c2)O[C@@H](c2ccc(C)s2)n2c-3cc3cc(-c4cnc([C@@H]5CCCN5C(=O)[C@@H](NC(O)OC)C5CCOCC5)[nH]4)ccc32)[nH]1)C(C)C,1
Cc1nc2cnc3[nH]ccc3c2n1C1CCCCC1,0
COc1cc(C(=O)NC2COc3cc(Cl)ccc32)ccc1-n1cnc(C)c1,0
CC[C@@H]1CN(Cc2ccccc2)C[C@H]1c1nc2c(cnn2C2CCOCC2)c(=O)[nH]1,0
NC(=O)c1cnc(NC23CC(C2)C3)nc1N[C@@H]1CCC[C@H](O)C1,0
C[C@@H]1CC[C@@]2(CO1)O[C@H]1C[C@H]3[C@@H]4CC[C@H]5C[C@@H](O[C@@H]6O[C@H](CO)[C@@H](O[C@@H]7O[C@H](CO)[C@@H](O)[C@H](O)[C@H]7O)[C@H](O)[C@H]6O)CC[C@]5(C)[C@H]4CC[C@]3(C)[C@H]1[C@@H]2C,1
COCCCc1ccc(Cl)c(CN(C(=O)[C@H]2CNCC[C@@H]2c2ccc(OCCOc3c(Cl)cc(C)cc3Cl)nc2)C2CC2)c1,1
CCCCCCCC(=O)N[C@H](C(=O)N[C@H](CO)C(=O)N[C@H]1CCNC(=O)[C@H]([C@@H](C)O)NC(=O)[C@H](CCN)NC(=O)[C@H](CCN)NC(=O)[C@H](CC(C)C)NC(=O)[C@H](Cc2ccccc2)NC(=O)[C@H](CCN)NC1=O)[C@@H](C)O,1
CCOC(=O)N1CC[C@H](N(Cc2cc(F)ccc2C)c2ccc(C#N)c(Cl)c2)C1,0
O=C1CCC(=O)N1c1cccc(Cc2n[nH]c(=O)c3ccccc23)c1,0
COc1cccc(N(C)C(=O)Cn2c(=O)n3c4c(cc(-c5ccccc5)cc42)CCC3)c1,0
O=C(Nc1ccc(F)c(-c2ccn3c(N4CCC5(CCOC5)C4)cnc3n2)c1)N1CCCC1,1
Cc1cc(-n2ccnc2)cnc1-c1ccc(-c2nnn[nH]2)cc1F,0
C=CC(=O)N1CCN2c3c(cnc4cc(-c5c(C)ccc6[nH]ncc56)c(Cl)cc34)OC[C@H]2C1,1
N#Cc1ccc(S(=O)(=O)N(Cc2ccc(-c3nnn[nH]3)cc2)Cc2ccccc2F)cc1,1
COc1cc(Nc2nc3n(n2)C(C)CCN3CCC(C)(C)O)ccc1-n1cnc(C)c1,0
COc1ccc(F)cc1-c1ccnc2[nH]c(C3=CCN(CC(O)CO)CC3)cc12,0
O=C(CCc1cnn2c1CCc1cc(O)ccc1-2)Nc1ccccc1C(=O)O,0
NC(=O)OCCSc1nc(N)nc(-c2c(Cl)cc3c4c(cccc24)COC3)n1,0
COc1cncc2c1[C@]1(O)[C@@H](CN3CC4(COC4)C3)[C@H](CO)[C@@H](c3ccccc3)[C@]1(c1ccc(C#N)cc1)O2,1
[2H]C([2H])([2H])Nc1nc(-c2cc(C(=O)N3CCN(Cc4ccc(Cl)cc4)CC3)c(Cl)cn2)cs1,1
O=C(Cc1nc(N2CCOCC2)cc(=O)[nH]1)Nc1ccc(F)c(F)c1,0
CCN(C)c1nc2ccc(C(=O)N(CC(C)C)C[C@@H](O)[C@H](Cc3ccccc3)NC(=O)OCc3ccncc3)cc2o1,1
Fc1ccc(CNc2ncnc3c2cnn3CC(Cl)c2ccc(F)cc2)cc1,0
CC(C)(C)C(=O)N(CCCCCCN1C[C@H](O)[C@@H](O)[C@H](O)[C@H]1CO)C1CCCCC1,0
O=C(c1cc2cc(C3CC3)ccc2[nH]1)N1CC(=O)N(Cc2ccc3cc[nH]c3c2)[C@@H](Cc2ccccc2)C1,1
O=C(Nc1cc(-c2cn(C3CCOCC3)c3cnccc23)ccn1)N1CCOCC1,0
C[C@@H]1CCCN(c2ncc(Cl)c(Nc3ccc4c(c3)c3c(c(=O)n4C)OCC(F)(F)[C@H](C4CC4)N3)n2)C1,1
CN(c1ccc(C#N)c(Cl)c1)[C@H]1CC[C@H](NC(=O)c2ccc(N3CCN(C4CN(c5ccc6c(c5)C(=O)N(C5CCC(=O)NC5=O)C6=O)C4)CC3)cc2)CC1,1
CC(c1ccc(-c2ccsc2)cc1)n1ccnc1,0
COc1nc(Nc2ncc3c4ccncc4n([C@H]4CC[C@H](C)CC4)c3n2)ccc1N1CCC2(CCC(=O)N2)CC1,1
C#C[C@]1(O)CC[C@H]2[C@@H]3CC[C@H]4C[C@@](O)(CN5CCN(Cc6cccc(OC)c6)CC5)CC[C@]4(C)[C@H]3CC[C@@]21C,1
C[C@@]1(O)CC[C@H]2[C@@H](CC[C@@H]3[C@@H]2CC[C@]2(C)[C@@H](C(=O)Cn4ncnn4)CC[C@@H]32)C1,0
Cc1cc2c(N3CCCC3)nc(N3CCCC3)nc2n1C,0
C[C@H](Nc1nc(Cl)nc2c1cnn2[C@@H]1O[C@H](COP(=O)(O)CP(=O)(O)O)[C@@H](O)[C@H]1O)c1ccccc1,1
O=C(NCC1CCOCC1)c1cnc(Nc2cccc(OC(F)(F)F)c2)cc1C1CC1,0
C[C@H]1C[C@H](N)CN1c1nc2c(cc1F)c(=O)c(C(=O)O)cn2C(C)(C)CF.Cl,0
CCCCCCCCCCCCCCCCCCOCCOP(=O)(O)CO[C@H](C)Cn1cnc2c(N)ncnc21,1
O=C(/C=C/c1cccc(Cl)c1)NC1(C(=O)N[C@H](Cc2ccccc2)C(=O)NCC2CCN(CC3CCOCC3)CC2)CCCC1,1
Oc1cccc(-c2cc(Nc3cnc4ccccc4c3)nc(N3CCOCC3)n2)c1,0
CC(C)c1cnn2c3nc(nc12)NCC1(CCCCc2ccccc2CN3)CCNCC1,0
CNC(=O)Nc1ccc2c(c1)CC[C@@]21OC(=O)N(CC(=O)N2Cc3ccc(F)cc3CC[C@H]2C(F)(F)F)C1=O,1
CN1CCC(COc2cc(OC3CCOCC3)c3c(Nc4c(Cl)ccc5c4OCO5)ncnc3c2)CC1,1
CC1CCC(NC(=O)c2cc3c(Cl)ccc(Cl)c3[nH]2)CC1,0
Cc1cccc2[nH]c(-c3cncc(-c4cc(F)cc(C#N)c4)c3N3CC[C@H](N)C3)nc12,0
COc1ccc(-c2nc(-c3ccccc3O)n(-c3ccc(S(N)(=O)=O)cc3)n2)c(O)c1,0
Cc1nc(-c2c(Cl)cc(Cl)cc2-c2ccc([C@@H](C)NC(=O)C3(NC(=O)C(F)(F)F)CC3)c(F)c2)no1,1
CC(C)(Nc1ccc(Cl)c(S(=O)(=O)N2CCOCC2)c1)C(=O)Nc1ccc(F)c(Cl)c1,1
COc1ccc(OCCNCCCF)cc1[C@@H]1c2[nH]c3ccccc3c2C[C@@H](C)N1CC(F)(F)F,1
Cc1ccc(-c2cnccc2-c2cnc(NC(=O)C(C)C)s2)c(Cl)c1,0
C#CC(C)(C)c1cc(NC(=O)Nc2ccc(Oc3ccnc(Nc4cc(C)c5[nH]ncc5c4)n3)c3ccccc23)n(-c2ccc(C)cc2)n1,1
COCCn1c(=O)n(CCc2ccccc2)c(=O)c2c(C)c(Cc3nc[nH]c3C)sc21,0
CC(C)[C@H](N)C(=O)N[C@@H](CCC(=O)C=[N+]=[N-])C(=O)OCc1c[nH]c2ccccc12,0
O=C(Nc1ccc(O)cc1OC[C@@H](O)CN1CCC2(CC1)Cc1cc(Cl)ccc1O2)NC1CC1,1
CS(=O)(=O)Nc1ccc2c(c1)S(=O)(=O)N=C(C1=C(O)[C@@H]3[C@@H]4CC[C@@H](C4)[C@@H]3N(CC3CCCC3)C1=O)N2,1
OC(CNC1CCN(CCSC(c2ccc(F)cc2)c2ccc(F)cc2)CC1)Cc1ccccc1,1
CN(C)C(=O)CCNC(=O)c1cc(-c2cccc(F)c2)no1,0
Cc1ccc(OC2CCN(C(=O)NCc3ccc4c(ccn4C)c3)CC2)cc1,0
CN(C)[C@H]1CCN(c2ccc3c(C(=O)NCC4CCC(F)(F)CC4)c(Cl)ccc3n2)C1,1
CN(c1ccc(Cl)cc1)S(=O)(=O)c1cccc(C(=O)Nc2ccc(Cl)nn2)c1,0
CNC(=O)c1ccn(-c2ncc(OC)c3c(C(=O)C(=O)N4CCN(C(=O)c5ccccc5)CC4)c[nH]c23)n1,1
CC1=C2C[C@H]3[C@@H](CC[C@@H]4CCCC[C@@]43C)[C@@H]2CC[C@@]2(C1)O[C@@H]1C[C@H](C)CN[C@H]1[C@H]2C,0
C[C@H]1CC2(CCN(c3ccc(C(=O)N4CCC(C)(CN5Cc6cc7c(cc6C5)C(=O)N(C5CCC(=O)NC5=O)C7=O)CC4)cc3)CC2)CN1c1ccc(C#N)c(Cl)c1,1
Cc1nc2cc(Cl)c(Cl)cc2n1C,0
O=C(NCc1ccc(S(=O)(=O)C2CCN(C3CCOCC3)CC2)cc1)c1cc2cnccc2[nH]1,1
O=C(N[C@@H]1Cc2cc(Cl)ccc2-n2c(nnc2[C@H]2CC[C@H](Oc3ccccn3)CC2)C1)C(F)(F)F,1
O=C(O)[C@H](CO)NC(=O)[C@@H]1C[C@@H](O)CN1,0
C[C@](O)(c1ccc(C(=O)N(C2CC2)[C@H]2CC[C@](CCC(N)=O)(c3ccc(F)cc3)CC2)cc1)C(F)(F)F,1
CC#C[C@@H](CC(=O)O)c1ccc(OC[C@H]2COc3ccc(Cl)cc3O2)cc1,0
CCCCCCCCCc1cc(O)cc(=O)o1,0
CSC(C)(C)c1cc(NC(=O)NCc2ccccc2Sc2ccc3nnc(C(C)C)n3c2)n(-c2ccccc2)n1,1
O=C(Nc1ccc(Cl)cc1)C(=O)N1CCC(c2ccnc3cc(F)ccc23)CC1,0
O=C(Nc1cccc2ccccc12)N1Cc2ccccc2N(CCN2CCOCC2)C1=O,0
FC(F)(F)CNc1nc(NCc2ccc(Cl)cc2)cc(-c2ccccn2)n1,0
CN1CCN(Cc2ccc(-c3nc4ccncc4n3-c3ccc(Cl)cc3)cc2)CC1,0
CC(C)C[C@@H]1NC(=O)[C@H](Cc2ccc(O)cc2)N(C)C(=O)[C@H]2CCCN2C(=O)[C@H](CC(C)C)NC(=O)[C@H](CCN2CCCCC2)N(C)C(=O)[C@@H](CC(C)C)N(C)C1=O,1
O=C(Nc1ccc(F)cc1)N1CCc2c(F)cccc2C1c1ccc(C(F)(F)F)cc1,0
COc1ncc(-c2cccnc2C(C)CNC(=O)c2ccc(OCCC(F)(F)F)nc2)cn1,1
N#Cc1cccnc1N1CCN(C(=O)c2cccc(C(F)c3n[nH]c(=O)c4ccccc34)c2)CC1,1
C[C@@H]1CN(C(=O)c2ccccc2)CCN1c1nnc(-c2ccccc2)c2ccncc12,0
CC(C)CN(CC(C)C)c1ccc(-c2ccccc2C(=O)O)cc1NC(=O)Nc1ccccc1F,1
COc1ccccc1N1CCN(C(=O)c2cc(-c3ccc(OC(F)(F)F)cc3)n[nH]2)CC1,1
C[C@@H](S[C@H]1CO[C@H](/C=C/C=C/c2ccc(C#N)cc2F)OC1)[C@@](Cn1cncn1)(OC(=O)COC(=O)CCC(=O)[O-])c1ccc(F)cc1F.[Na+],1
COc1ccc(CNC(=O)c2ccc3ncn(Cc4ccc(C(=O)O)cc4)c(=O)c3c2)cc1,1
N#Cc1cnn2c(NC3CC3)cc(Nc3ccc(F)c(-n4cnnc4)c3)nc12,0
O=C1NCC2c3c(cccc31)CCN2C(=O)Cc1cccnc1,0
CC(=O)C1=C(C)N(c2cccc(C(F)(F)F)c2)C(=O)N(CC(=O)O)[C@@H]1c1ccc(C#N)cc1,1
CNC(=O)[C@@H]1CCCN1S(=O)(=O)c1ccc(Cl)c(COc2cccc3c(-c4nccn4C)cc(C)nc23)c1Cl,1
Nc1ccnc(Nc2ccc(Nc3ccc(Cl)cc3)cc2)n1,0
CC(C)CN(CC[C@H](Cc1ccccc1)NC(=O)[C@H](CCN1CCOCC1)NC(=O)N(C)Cc1csc(C(C)C)n1)C(=O)OCc1cncs1,1
CC(C)(O)c1cncc(-c2nc3cc(F)c(F)cc3n2C2CC2)c1,0
CC[C@H](C)[C@@H]1NC(=O)[C@H](CC(C)C)N(C)C(=O)C[C@@H](C(=O)N2CCCCC2)N(C)C(=O)[C@H](C)N(C)C(=O)C2(CCCC2)NC(=O)[C@@H]2CCCN2C(=O)[C@H](CCc2ccc(C(F)(F)F)c(Cl)c2)NC(=O)CN(C)C(=O)[C@H](CC2CCCCC2)N(C)C(=O)[C@@H]2CCN2C(=O)[C@H](C)N(C)C1=O,1
OCCn1cc(-c2cnc3nnn(Cc4ccc5ncccc5c4)c3n2)cn1,0
CC[C@H](C)[C@@H]1NC(=O)[C@H](CCCNC(=N)N)NC(=O)[C@@H]2CCCN2C(=O)[C@H](CC(C)C)NC(=O)[C@H](CC(C)C)NC(=O)[C@H](CO)NC(=O)[C@H](CO)NC(=O)[C@@H]2CSCCC(=O)N3CN(CN(C3)C(=O)CCSC[C@@H](C(=O)N[C@@H](C)C(=O)O)NC(=O)[C@H](Cc3c[nH]cn3)NC1=O)C(=O)CCSC[C@H](NC(=O)[C@H](C)NC(C)=O)C(=O)N[C@@H](C(C)C)C(=O)N[C@@H](CCCNC(=N)N)C(=O)N[C@@H](CO)C(=O)N[C@@H](Cc1c[nH]cn1)C(=O)N2,1
CN(c1ccc(-c2cc(C(F)(F)F)ccc2OCC(=O)O)cc1)S(C)(=O)=O,0
N#Cc1c[nH]c(C(=O)Nc2ccc(C3CCN(CC(N)=O)CC3)cc2C2=CCCCC2)n1,0
Cl.NCC(=O)N(Cc1cccnc1)c1cc(F)cc(-c2nc3ccccc3s2)c1,0
CC1CN(c2cc(=O)c3cc(C(F)(F)F)cc([N+](=O)[O-])c3s2)CCN1Cc1ccccc1,1
[2H]C([2H])([2H])Oc1ccc2c(c1)C(=O)N1CCC[C@H]1c1c(C(=O)OC(C)(C)C)ncn1-2,0
CC(C)[C@H](Nc1ncnc2[nH]c(-c3cnn(C)c3C#N)cc12)c1ccc2c(c1)OCCO2,0
COC(=O)[C@@]12OC[C@]34[C@H]([C@@H](O)[C@@H]1O)[C@@]1(C)CC(=O)C(O)=C(C)[C@@H]1C[C@H]3OC(=O)[C@H](OC(=O)C=C(C)C)[C@@H]24,1
CCC(O)(CC)[C@H]1CN(C2CCN(c3nnc(N)[nH]3)CC2)[C@@H](Cc2ccc(Cl)cc2)CO1,1
Fc1ccc2c([C@@H]3CNCC[C@H]3F)c(-c3cccc4ccccc34)[nH]c2c1,0
NC(=O)c1sc2nc(NC3CC3)nc(-c3ccc(Cl)c(O)c3)c2c1N,0
Cc1ccc(CN2C(=O)C(C3=NS(=O)(=O)c4cc(NS(C)(=O)=O)ccc4N3)=C(O)[C@@H]3[C@H]4CC[C@H](C4)[C@@H]32)cc1F,1
Cc1ccc(OCCN)cc1C(=O)N[C@H](C)c1cccc2ccccc12,0
CC(C)S(=O)(=O)c1c(Cl)ccc(NC2=NC(=O)[C@@H](C3CCCCC3)N2)c1O,0
C=C(C)[C@@H]1CC[C@]2(C(=O)O)CC[C@]3(C)[C@H](CC[C@@H]4[C@@]5(C)Cc6sc(N)nc6C(C)(C)[C@@H]5CC[C@]43C)[C@@H]12,1
CNc1ccc(Oc2sc(C(N)=O)c3c2-c2sncc2CC3)cn1,0
CC1=CC(=O)N(Nc2nc(-c3cccs3)nc3sc(-c4ccc(F)cc4)c(C)c23)C1=O,1
Cn1ccnc1CN1CCC2(CC1)COC1c3cc(Cl)ccc3OC(C)(C)C1C2,0
Cn1cc(-c2ccc(-c3cncc4ccc(N5CCCC5=O)nc34)cc2)cn1,0
CC(C)[C@@H]1NC(=O)[C@H](Cc2cccs2)NC(=O)[C@H](Cc2ccc(Cl)cc2)NC(=O)CCCSC[C@@H](C(=O)N2CCC[C@H]2C(=O)NCCCCNC(=N)N)NC(=O)[C@H](CC(N)=O)NC1=O,1
COc1cnc2[nH]cc(Cc3ccc(NCc4ccc(OC)nc4)nc3F)c2c1,0
CCCCc1ccc(N2CCc3cc(O)ccc3C2(C)c2ccc(/C=C/C(=O)O)cc2)cc1,1
FC1CN(C2COC2)CCC1c1cc2nc(Nc3cnn(C4CC4)c3Cl)ncc2cc1Cl,1
NCc1noc(-c2nn(Cc3ccc(C(N)=O)cc3)c3ccccc23)n1,0
O=[N+]([O-])c1cc2cccc3ccc4cccc1c4c32,0
Cc1ccccc1[C@H](CC(=O)O)NC(=O)c1cc(OCC2CC2)n(-c2ccccc2F)n1,0
O=C(c1ccccc1-c1ccncn1)N1CCC(O)(Cc2ccccc2)CC1,0
CCOc1cc2ncc(C(N)=O)c(Nc3cccc(Cl)c3Cl)c2cc1N1CCCN(C)CC1,1
Cc1cc(C(=O)O)nc(N2C[C@H]3C[C@@H](c4ccccc4C(F)(F)F)C[C@H]3C2)n1,0
C[C@]1(O)C[C@](c2ccnc(C(F)(F)F)c2)([C@H](O)c2ccccn2)C1,0
CCc1cc(OC)cc2c(/C=N/NC(=N)NCCc3ccc(C#N)cc3)c[nH]c12,0
COc1ccc(NCCNCCCF)c(F)c1[C@@H]1c2[nH]c3ccccc3c2C[C@@H](C)N1CC(F)(F)F,1
COc1cccc(OC)c1-c1ccc(C[C@H](NC(=O)[C@@H]2CCCN2c2ccccc2C#N)C(=O)O)cc1,1
COc1ccc(S(=O)(=O)/C=C/c2ccc(Cl)cn2)cc1,0
O=C(O)c1cccc(Cc2c(-c3ccccc3)nn3cc(C(F)(F)F)ccc23)n1,0
O=c1[nH]c(=O)n(Cc2ccccc2)cc1-c1cc(F)cc(F)c1,0
Cc1cc(-c2cccc(Cl)c2)ncc1C1CC(O)CN1C(=O)c1nccs1,0
O=C(O)[C@@H](CC1CCC1)N1C[C@H](CN2CCC(c3cnc4ccc(Cl)cn34)CC2)[C@@H](c2cccc(F)c2)C1,1
COc1ccc2nc(C)c3c(C(F)(F)F)nc(-c4ccccc4Cl)n3c2n1,0
COc1ccc2c(c1)CCn1c-2cc(OCC2CCCCO2)nc1=O,0
COCCN(CC(=O)N(C)C(CN1CCCC1)c1ccc(-c2ccc(C(N)=O)cc2)cc1)c1ccc(Cl)c(Cl)c1,1
Cc1nc2c(c(-c3ccc(Cl)cc3Cl)c1CN)C(=O)N(C[C@@H]1CCCN1S(=O)(=O)C1CC1)C2,1
CCCNc1nc(NCCc2ccncc2)ncc1-c1nnc(CN2CCN(C(C)=O)CC2)o1,1
CC(=O)N1CCN(CCOc2ccc(C3CCN(C4=Nn5c(nnc5C(F)(F)F)CC4)CC3)cc2)CC1,1
CCC(CC)N(C(=O)c1cccc(Cl)c1Cl)[C@H]1CCNC1,0
N#Cc1ccc2c(c1)CCC[C@H]2Nc1ccc2[nH]nc(-c3ccnc(N4CCOCC4)c3)c2c1,1
CS(=O)(=O)c1cccc(C(=O)N2[C@@H](C(=O)N[C@@H](c3ccc(C(F)(F)F)cc3F)C3CC3)C[C@H]3C[C@@H]32)c1,1
CCOc1ccc(-c2cc3oc(N4CCC(C(=O)N[C@H]5CCC[C@H](CO)C5)CC4)nc3cc2Cl)cc1,1
CN1CC2(CCN(c3cncc([C@](C)(O)C(F)(F)F)c3)CC2)CC1=O,0
