text,label
NM_004273.5(CHST3):c.988C>T (p.Gln330Ter),1
NM_000124.4(ERCC6):c.1550G>A (p.Trp517Ter),1
NM_000335.5(SCN5A):c.4259G>A (p.Trp1420Ter),1
NM_001365536.1(SCN9A):c.4424C>T (p.Thr1475Ile),1
NM_000308.4(CTSA):c.745T>A (p.Tyr249Asn),1
NM_001080.3(ALDH5A1):c.1343+1G>T,1
NM_000197.2(HSD17B3):c.695C>T (p.Ser232Leu),1
NM_001370298.3(FGD4):c.1234C>T (p.Arg412Ter),1
NM_030665.4(RAI1):c.4685A>G (p.Gln1562Arg),1
NM_153240.5(NPHP3):c.1729C>T (p.Arg577Ter),1
NM_006580.4(CLDN16):c.235C>T (p.Arg79Ter),1
NM_018344.6(SLC29A3):c.1279G>A (p.Gly427Ser),1
NM_006941.4(SOX10):c.752C>A (p.Ser251Ter),1
NM_152384.3(BBS5):c.547A>G (p.Thr183Ala),1
NM_000479.5(AMH):c.571C>T (p.Arg191Ter),1
NM_015166.4(MLC1):c.422A>G (p.Asn141Ser),1
NM_004465.2(FGF10):c.467T>G (p.Ile156Arg),1
NM_000369.5(TSHR):c.1291G>A (p.Gly431Ser),1
NM_005502.4(ABCA1):c.5038C>T (p.Arg1680Trp),1
NM_000223.4(KRT12):c.403A>G (p.Arg135Gly),1
NM_006563.5(KLF1):c.874A>T (p.Lys292Ter),1
NM_002225.5(IVD):c.932C>T (p.Ala311Val),1
NM_000434.4(NEU1):c.674G>C (p.Arg225Pro),1
NM_058172.6(ANTXR2):c.986T>G (p.Leu329Arg),1
NM_130468.4(CHST14):c.205A>T (p.Lys69Ter),1
NM_148960.3(CLDN19):c.269T>C (p.Leu90Pro),1
NM_000388.4(CASR):c.2043G>T (p.Gln681His),1
NM_001079866.2(BCS1L):c.103G>C (p.Gly35Arg),1
NC_012920.1(MT-TS1):m.7445A>G,1
NM_000451.4(SHOX):c.583C>T (p.Arg195Ter),1
NM_023067.4(FOXL2):c.295C>T (p.Gln99Ter),1
NM_177924.5(ASAH1):c.544C>G (p.Leu182Val),1
NM_000049.4(ASPA):c.692A>G (p.Tyr231Cys),1
NM_004999.4(MYO6):c.1325G>A (p.Cys442Tyr),1
NM_000019.4(ACAT1):c.1163+2T>C,1
NM_181882.3(PRX):c.2857C>T (p.Arg953Ter),1
NM_025114.4(CEP290):c.613C>T (p.Arg205Ter),1
NM_000349.3(STAR):c.653C>T (p.Ala218Val),1
NM_005609.4(PYGM):c.1187T>C (p.Leu396Pro),1
NM_001040167.2(LFNG):c.564C>A (p.Phe188Leu),1
NM_006580.4(CLDN16):c.140G>A (p.Trp47Ter),1
NM_016006.6(ABHD5):c.774-1G>A,1
NM_005450.6(NOG):c.103C>T (p.Pro35Ser),1
NM_001753.5(CAV1):c.112G>T (p.Glu38Ter),1
NM_000303.3(PMM2):c.395T>C (p.Ile132Thr),1
NC_012920.1(MT-CO2):m.7896G>A,1
NM_000194.3(HPRT1):c.527C>T (p.Pro176Leu),1
NM_000157.4(GBA1):c.1504C>T (p.Arg502Cys),1
NM_003002.4(SDHD):c.112C>T (p.Arg38Ter),1
NM_014795.4(ZEB2):c.1645A>T (p.Arg549Ter),1
NM_015102.5(NPHP4):c.1972C>T (p.Arg658Ter),1
NM_080669.6(SLC46A1):c.954C>G (p.Ser318Arg),1
NM_000163.5(GHR):c.335G>C (p.Cys112Ser),1
NM_001039958.2(MESP2):c.307G>T (p.Glu103Ter),1
NM_000268.4(NF2):c.958C>T (p.Gln320Ter),1
NM_024312.5(GNPTAB):c.310C>T (p.Gln104Ter),1
NM_000190.4(HMBS):c.849G>A (p.Trp283Ter),1
NM_000194.2(HPRT1):c.503C>T (p.Thr168Ile),1
NM_005138.3(SCO2):c.418G>A (p.Glu140Lys),1
NM_001429.4(EP300):c.6662C>A (p.Pro2221Gln),1
NM_001145308.5(LRTOMT):c.328G>A (p.Glu110Lys),1
NM_000132.4(F8):c.1175C>A (p.Ser392Ter),1
NM_000784.4(CYP27A1):c.1263+1G>A,1
NM_030662.4(MAP2K2):c.170T>G (p.Phe57Cys),1
NM_000237.3(LPL):c.987C>A (p.Tyr329Ter),1
NM_004970.3(IGFALS):c.1618T>C (p.Cys540Arg),1
NM_032409.3(PINK1):c.1311G>A (p.Trp437Ter),1
NM_001029871.4(RSPO4):c.353G>A (p.Cys118Tyr),1
NM_001363711.2(DUOX2):c.1300C>T (p.Arg434Ter),1
NM_144585.4(SLC22A12):c.1082G>T (p.Gly361Val),1
NM_014112.5(TRPS1):c.2557C>T (p.Arg853Ter),1
NM_021830.5(TWNK):c.944G>T (p.Trp315Leu),1
NM_000067.3(CA2):c.120T>G (p.Tyr40Ter),1
NM_001089.3(ABCA3):c.4909+1G>A,1
NM_000419.5(ITGA2B):c.1787T>C (p.Ile596Thr),1
NM_000388.4(CASR):c.2363T>G (p.Phe788Cys),1
NM_005450.6(NOG):c.615G>C (p.Trp205Cys),1
NM_000451.4(SHOX):c.597C>G (p.Tyr199Ter),1
NM_000434.4(NEU1):c.1129G>T (p.Glu377Ter),1
NM_000020.3(ACVRL1):c.1232G>A (p.Arg411Gln),1
NM_001079802.2(FKTN):c.1073A>C (p.Gln358Pro),1
NM_000062.3(SERPING1):c.1396C>A (p.Arg466Ser),1
NM_004273.5(CHST3):c.1114G>A (p.Glu372Lys),1
NM_001384910.1(GUCA1A):c.451C>T (p.Leu151Phe),1
NM_001122764.3(PPOX):c.175C>T (p.Arg59Trp),1
NM_017662.5(TRPM6):c.1010+5G>C,1
NM_015046.7(SETX):c.1027G>T (p.Glu343Ter),1
NM_000062.3(SERPING1):c.1361T>A (p.Val454Glu),1
NM_000035.4(ALDOB):c.1005C>G (p.Asn335Lys),1
NM_001378615.1(CC2D2A):c.1762C>T (p.Gln588Ter),1
NM_006580.4(CLDN16):c.494C>T (p.Ser165Phe),1
NM_003002.4(SDHD):c.14G>A (p.Trp5Ter),1
NM_012233.3(RAB3GAP1):c.2011C>T (p.Arg671Ter),1
NM_000388.4(CASR):c.1745G>T (p.Cys582Phe),1
NM_000355.4(TCN2):c.581-176A>T,1
NM_021926.4(ALX4):c.418C>T (p.Gln140Ter),1
NM_003140.3(SRY):c.320G>A (p.Trp107Ter),1
NM_022367.4(SEMA4A):c.1049T>G (p.Phe350Cys),1
NM_000132.4(F8):c.6544C>T (p.Arg2182Cys),1
NM_000251.3(MSH2):c.1801C>T (p.Gln601Ter),1
NM_002618.4(PEX13):c.702G>A (p.Trp234Ter),1
NM_000325.6(PITX2):c.320T>A (p.Leu107Gln),1
NM_001377.3(DYNC2H1):c.7382G>T (p.Gly2461Val),1
NM_006941.4(SOX10):c.621C>G (p.Tyr207Ter),1
NM_000206.3(IL2RG):c.458T>A (p.Ile153Asn),1
NM_018136.5(ASPM):c.349C>T (p.Arg117Ter),1
NM_016335.6(PRODH):c.1561C>G (p.Arg521Gly),1
NM_130837.3(OPA1):c.1910A>G (p.Tyr637Cys),1
NM_000250.2(MPO):c.1501G>A (p.Gly501Ser),1
NM_013296.5(GPSM2):c.379C>T (p.Arg127Ter),1
NM_000071.3(CBS):c.572C>T (p.Thr191Met),1
NM_005609.4(PYGM):c.1621G>T (p.Glu541Ter),1
NM_015046.7(SETX):c.4087C>T (p.Arg1363Ter),1
NM_000261.2(MYOC):c.754G>A (p.Gly252Arg),1
NM_003701.4(TNFSF11):c.596T>A (p.Met199Lys),1
NC_000011.10:g.57597582C>T,1
NM_006445.4(PRPF8):c.6926A>G (p.His2309Arg),1
NM_004183.4(BEST1):c.16A>C (p.Thr6Pro),1
NM_001278116.2(L1CAM):c.2254G>A (p.Val752Met),1
NM_018136.5(ASPM):c.2389C>T (p.Arg797Ter),1
NM_003907.3(EIF2B5):c.1882T>C (p.Trp628Arg),1
NM_014252.4(SLC25A15):c.95C>G (p.Thr32Arg),1
NM_001009944.3(PKD1):c.5764C>T (p.Gln1922Ter),1
NM_033337.3(CAV3):c.84C>A (p.Asp28Glu),1
NM_002775.5(HTRA1):c.754G>A (p.Ala252Thr),1
NM_147127.5(EVC2):c.3265C>T (p.Gln1089Ter),1
NM_003850.3(SUCLA2):c.534+1G>A,1
NM_000492.4(CFTR):c.3700A>G (p.Ile1234Val),1
NM_004628.5(XPC):c.2033+2T>G,1
NM_004752.4(GCM2):c.140G>T (p.Arg47Leu),1
NC_012920.1(MT-TL1):m.3271T>C,1
NM_000369.5(TSHR):c.548A>G (p.Lys183Arg),1
NM_014251.3(SLC25A13):c.674C>A (p.Ser225Ter),1
NM_000051.4(ATM):c.5763-1050A>G,1
NM_182961.4(SYNE1):c.8695A>T (p.Arg2899Ter),1
NM_004733.4(SLC33A1):c.339T>G (p.Ser113Arg),1
NM_052989.3(IFT122):c.21G>C (p.Trp7Cys),1
NM_001384140.1(PCDH15):c.785G>A (p.Gly262Asp),1
NM_000132.4(F8):c.2383A>T (p.Arg795Ter),1
NM_025137.4(SPG11):c.6100C>T (p.Arg2034Ter),1
NM_000901.5(NR3C2):c.1897G>A (p.Gly633Arg),1
NM_139027.6(ADAMTS13):c.331-1G>A,1
NM_000190.4(HMBS):c.77G>A (p.Arg26His),1
NM_000038.6(APC):c.839C>G (p.Ser280Ter),1
NM_000410.4(HFE):c.989G>T (p.Arg330Met),1
NM_000044.6(AR):c.2623C>T (p.His875Tyr),1
NM_015506.3(MMACHC):c.394C>T (p.Arg132Ter),1
NM_001278116.2(L1CAM):c.1108G>A (p.Gly370Arg),1
NM_139027.6(ADAMTS13):c.587C>T (p.Thr196Ile),1
NM_000388.4(CASR):c.889G>A (p.Glu297Lys),1
NM_002772.3(TMPRSS15):c.2135C>G (p.Ser712Ter),1
NM_002181.4(IHH):c.569T>C (p.Val190Ala),1
NM_023036.6(DNAI2):c.346-3T>G,1
NM_213599.3(ANO5):c.1295C>G (p.Ala432Gly),1
NM_025137.4(SPG11):c.5623C>T (p.Gln1875Ter),1
NM_000285.4(PEPD):c.793C>T (p.Arg265Ter),1
NM_001122764.3(PPOX):c.1046A>C (p.Asp349Ala),1
NM_000398.7(CYB5R3):c.229C>T (p.Gln77Ter),1
NM_000127.3(EXT1):c.1016G>A (p.Gly339Asp),1
NM_170784.3(MKKS):c.1496G>C (p.Cys499Ser),1
NM_000044.6(AR):c.2708A>G (p.Gln903Arg),1
NM_001099274.3(TINF2):c.844C>T (p.Arg282Cys),1
NM_145649.5(GCNT2):c.683G>A (p.Arg228Gln),1
NM_000552.5(VWF):c.1071C>A (p.Tyr357Ter),1
NM_030761.5(WNT4):c.341C>T (p.Ala114Val),1
NM_014946.4(SPAST):c.1085C>G (p.Ser362Cys),1
NM_020427.3(SLURP1):c.178+1G>A,1
NM_001278116.2(L1CAM):c.791G>A (p.Cys264Tyr),1
NM_182760.4(SUMF1):c.979C>T (p.Arg327Ter),1
NM_000223.4(KRT12):c.404G>C (p.Arg135Thr),1
NM_000215.4(JAK3):c.299A>G (p.Tyr100Cys),1
NM_006941.4(SOX10):c.1129C>T (p.Gln377Ter),1
NM_022132.5(MCCC2):c.803G>C (p.Arg268Thr),1
NM_001161352.2(KCNMA1):c.1301A>G (p.Asp434Gly),1
NM_000251.3(MSH2):c.1865C>T (p.Pro622Leu),1
NM_000375.3(UROS):c.184A>G (p.Thr62Ala),1
NM_000505.4(F12):c.983C>G (p.Thr328Arg),1
NM_000206.3(IL2RG):c.854G>A (p.Arg285Gln),1
NM_020436.5(SALL4):c.2663A>G (p.His888Arg),1
NM_000551.4(VHL):c.496G>T (p.Val166Phe),1
NM_024312.5(GNPTAB):c.3335+1G>A,1
NM_000132.4(F8):c.311T>A (p.Val104Asp),1
NM_001330574.2(ZNF711):c.1711A>T (p.Arg571Ter),1
NM_004750.5(CRLF1):c.829C>T (p.Arg277Ter),1
NM_152594.3(SPRED1):c.784A>T (p.Arg262Ter),1
NM_000354.5(SERPINA7):c.986A>T (p.Tyr329Phe),1
NM_000358.3(TGFBI):c.1868G>A (p.Gly623Asp),1
NM_000375.3(UROS):c.243A>T (p.Glu81Asp),1
NM_000044.6(AR):c.2362A>G (p.Met788Val),1
NM_025114.4(CEP290):c.2249T>G (p.Leu750Ter),1
NM_002225.5(IVD):c.125T>C (p.Leu42Pro),1
NM_000320.3(QDPR):c.437-429A>G,1
NM_003060.4(SLC22A5):c.1051T>C (p.Trp351Arg),1
NM_001365536.1(SCN9A):c.3928G>T (p.Val1310Phe),1
NM_016341.4(PLCE1):c.4451C>T (p.Ser1484Leu),1
NM_000132.4(F8):c.5443C>T (p.Gln1815Ter),1
NM_016203.4(PRKAG2):c.1591C>G (p.Arg531Gly),1
NM_000071.3(CBS):c.833T>C (p.Ile278Thr),1
NM_000264.5(PTCH1):c.1160G>A (p.Trp387Ter),1
NM_013382.7(POMT2):c.1941G>A (p.Trp647Ter),1
NM_007194.4(CHEK2):c.715G>T (p.Glu239Ter),1
m.2991T>C,1
NM_000190.4(HMBS):c.748G>A (p.Glu250Lys),1
NM_000140.5(FECH):c.1250T>C (p.Phe417Ser),1
NM_000044.6(AR):c.2222C>G (p.Ser741Cys),1
NM_000211.5(ITGB2):c.446T>C (p.Leu149Pro),1
NM_000497.4(CYP11B1):c.397A>C (p.Asn133His),1
NM_001099274.3(TINF2):c.838A>G (p.Lys280Glu),1
NM_153704.6(TMEM67):c.1961-2A>C,1
NM_002653.5(PITX1):c.388G>A (p.Glu130Lys),1
NM_015139.3(SLC35D1):c.392+3A>G,1
NM_020436.5(SALL4):c.1954C>T (p.Gln652Ter),1
NM_014946.4(SPAST):c.1409A>T (p.Asp470Val),1
NM_000187.4(HGD):c.481G>A (p.Gly161Arg),1
NM_014140.4(SMARCAL1):c.2542G>T (p.Glu848Ter),1
NM_000348.4(SRD5A2):c.78C>G (p.Tyr26Ter),1
NM_001126108.2(SLC12A3):c.2720+1G>T,1
NM_004035.7(ACOX1):c.442C>T (p.Arg148Ter),1
NM_024426.6(WT1):c.1387C>T (p.Arg463Ter),1
NM_153717.3(EVC):c.2635C>T (p.Gln879Ter),1
NM_002294.3(LAMP2):c.440T>A (p.Leu147Ter),1
NM_000529.2(MC2R):c.360C>G (p.Ser120Arg),1
NM_000310.4(PPT1):c.656T>A (p.Leu219Gln),1
NM_000314.8(PTEN):c.492+2T>G,1
NM_000161.3(GCH1):c.551G>A (p.Arg184His),1
NM_030916.3(NECTIN4):c.851G>A (p.Arg284Gln),1
NM_000505.4(F12):c.983C>A (p.Thr328Lys),1
NM_000218.3(KCNQ1):c.1022C>A (p.Ala341Glu),1
NM_138477.4(CDAN1):c.2602T>A (p.Phe868Ile),1
NM_000163.5(GHR):c.876-1G>C,1
NM_000132.4(F8):c.665A>T (p.Asp222Val),1
NM_004646.4(NPHS1):c.3478C>T (p.Arg1160Ter),1
NM_006363.6(SEC23B):c.325G>A (p.Glu109Lys),1
NM_000110.4(DPYD):c.2921A>T (p.Asp974Val),1
NM_005908.4(MANBA):c.375A>G (p.Arg125=),1
NM_014585.6(SLC40A1):c.968G>T (p.Gly323Val),1
NM_000044.6(AR):c.2610T>G (p.Ile870Met),1
NM_001031710.3(KLHL7):c.457G>A (p.Ala153Thr),1
NM_000277.3(PAH):c.776C>T (p.Ala259Val),1
NM_000044.6(AR):c.2521C>T (p.Arg841Cys),1
NM_002700.3(POU4F3):c.865C>T (p.Leu289Phe),1
NM_000190.4(HMBS):c.734T>G (p.Leu245Arg),1
NM_015294.6(TRIM37):c.493-2A>G,1
NM_024757.5(EHMT1):c.871C>T (p.Arg291Ter),1
NM_000358.3(TGFBI):c.370C>T (p.Arg124Cys),1
NM_000132.4(F8):c.5305G>A (p.Gly1769Arg),1
NM_000197.2(HSD17B3):c.607-1G>A,1
NM_000325.6(PITX2):c.558G>A (p.Trp186Ter),1
NM_005908.4(MANBA):c.1276C>T (p.Gln426Ter),1
NM_016156.6(MTMR2):c.1276C>T (p.Gln426Ter),1
NM_153766.3(KCNJ1):c.600C>G (p.Ser200Arg),1
NM_201384.3(PLEC):c.9004C>T (p.Arg3002Ter),1
NM_002427.4(MMP13):c.272T>C (p.Met91Thr),1
NM_001014.5(RPS10):c.3G>A (p.Met1Ile),1
NM_020427.3(SLURP1):c.286C>T (p.Arg96Ter),1
NM_004183.4(BEST1):c.253T>C (p.Tyr85His),1
NM_000455.5(STK11):c.717G>C (p.Trp239Cys),1
NM_022356.4(P3H1):c.1656C>A (p.Tyr552Ter),1
NM_000215.4(JAK3):c.1333C>T (p.Arg445Ter),1
NM_007254.4(PNKP):c.526C>T (p.Leu176Phe),1
NM_024009.3(GJB3):c.35G>A (p.Gly12Asp),1
NM_004820.5(CYP7B1):c.1162C>T (p.Arg388Ter),1
NM_130849.4(SLC39A4):c.475-19G>A,1
NM_080916.3(DGUOK):c.679G>A (p.Glu227Lys),1
NM_000158.4(GBE1):c.1643G>A (p.Trp548Ter),1
NM_000163.5(GHR):c.594A>G (p.Glu198=),1
NM_001034853.2(RPGR):c.469+1G>T,1
NM_015702.3(MMADHC):c.545C>A (p.Thr182Asn),1
NM_139027.6(ADAMTS13):c.3470G>A (p.Cys1157Tyr),1
NM_133433.4(NIPBL):c.4606C>T (p.Arg1536Ter),1
NM_000132.4(F8):c.5593G>T (p.Asp1865Tyr),1
NM_005267.5(GJA8):c.139G>A (p.Asp47Asn),1
NM_001204.7(BMPR2):c.1297C>T (p.Gln433Ter),1
NM_014908.4(DOLK):c.295T>A (p.Cys99Ser),1
NM_001079866.2(BCS1L):c.464G>C (p.Arg155Pro),1
NM_021615.5(CHST6):c.599T>G (p.Leu200Arg),1
NM_033305.3(VPS13A):c.622C>T (p.Arg208Ter),1
NM_000642.3(AGL):c.3980G>A (p.Trp1327Ter),1
NM_000553.6(WRN):c.3493C>T (p.Gln1165Ter),1
NM_001174147.2(LMX1B):c.741+1G>A,1
NM_000190.4(HMBS):c.211-1G>A,1
NM_002206.3(ITGA7):c.1506-2A>G,1
NM_001174147.2(LMX1B):c.353G>T (p.Cys118Phe),1
NM_001174150.2(ARL13B):c.236G>A (p.Arg79Gln),1
NM_000383.4(AIRE):c.769C>T (p.Arg257Ter),1
NM_006846.4(SPINK5):c.2368C>T (p.Arg790Ter),1
NM_032581.4(HYCC1):c.51+1G>A,1
NM_000132.4(F8):c.89A>T (p.Glu30Val),1
NM_004387.4(NKX2-5):c.592C>T (p.Gln198Ter),1
NM_001370466.1(NOD2):c.1065C>G (p.Asp355Glu),1
NM_000520.6(HEXA):c.672+1G>A,1
NM_020661.4(AICDA):c.203G>A (p.Trp68Ter),1
NM_018941.4(CLN8):c.88G>C (p.Ala30Pro),1
NM_001193315.2(VIPAS39):c.871C>T (p.Gln291Ter),1
NM_000551.4(VHL):c.481C>T (p.Arg161Ter),1
NM_000303.3(PMM2):c.193G>T (p.Asp65Tyr),1
NM_006343.3(MERTK):c.2189+1G>T,1
NM_152384.3(BBS5):c.522+3A>G,1
NM_001122681.2(SH3BP2):c.1244G>A (p.Arg415Gln),1
NM_007126.5(VCP):c.695C>A (p.Ala232Glu),1
NM_024529.5(CDC73):c.162C>G (p.Tyr54Ter),1
NM_000132.4(F8):c.923C>T (p.Ser308Leu),1
NM_015474.4(SAMHD1):c.433C>T (p.Arg145Ter),1
NM_001127255.2(NLRP7):c.2077C>T (p.Arg693Trp),1
NM_000190.4(HMBS):c.518G>A (p.Arg173Gln),1
NM_001127222.2(CACNA1A):c.2138T>C (p.Val713Ala),1
NM_001126121.2(SLC25A19):c.530G>C (p.Gly177Ala),1
NM_020427.3(SLURP1):c.43T>C (p.Trp15Arg),1
NM_004820.5(CYP7B1):c.169G>A (p.Gly57Arg),1
NM_005450.6(NOG):c.386T>A (p.Leu129Ter),1
NM_001321120.2(TBX4):c.743G>T (p.Gly248Val),1
NM_177924.5(ASAH1):c.958A>G (p.Asn320Asp),1
NM_001041.4(SI):c.1022T>C (p.Leu341Pro),1
NM_000022.4(ADA):c.33+1G>C,1
NM_004870.4(MPDU1):c.356T>C (p.Leu119Pro),1
NM_030662.4(MAP2K2):c.169T>G (p.Phe57Val),1
NM_000375.3(UROS):c.197C>T (p.Ala66Val),1
NM_005450.6(NOG):c.328C>T (p.Gln110Ter),1
NM_000277.3(PAH):c.781C>T (p.Arg261Ter),1
NM_006580.4(CLDN16):c.361G>A (p.Gly121Arg),1
NM_014946.4(SPAST):c.1343G>A (p.Cys448Tyr),1
NM_020436.5(SALL4):c.1849C>T (p.Arg617Ter),1
NM_013319.3(UBIAD1):c.355A>G (p.Arg119Gly),1
NM_020661.4(AICDA):c.317T>C (p.Leu106Pro),1
NM_001368894.2(PAX6):c.760C>T (p.Arg254Ter),1
NM_005570.4(LMAN1):c.2T>C (p.Met1Thr),1
NM_000081.4(LYST):c.5996T>A (p.Val1999Asp),1
NM_015346.4(ZFYVE26):c.5485-1G>A,1
NM_174916.3(UBR1):c.2254+2T>C,1
NM_006009.4(TUBA1A):c.1205G>A (p.Arg402His),1
NM_000369.5(TSHR):c.500T>A (p.Ile167Asn),1
NM_022369.4(STRA6):c.269C>T (p.Pro90Leu),1
NM_000132.4(F8):c.1808G>T (p.Ser603Ile),1
NM_002303.6(LEPR):c.2597+1G>A,1
NM_152594.3(SPRED1):c.349C>T (p.Arg117Ter),1
NM_016103.4(SAR1B):c.349-1G>C,1
NM_000375.3(UROS):c.562G>T (p.Gly188Trp),1
NM_194248.3(OTOF):c.5473C>G (p.Pro1825Ala),1
NM_005857.5(ZMPSTE24):c.743C>T (p.Pro248Leu),1
NM_012415.3(RAD54B):c.1252G>T (p.Asp418Tyr),1
NM_004637.6(RAB7A):c.385C>T (p.Leu129Phe),1
NM_007255.3(B4GALT7):c.808C>T (p.Arg270Cys),1
NM_000132.4(F8):c.1336C>T (p.Arg446Ter),1
NM_003322.6(TULP1):c.1145T>C (p.Phe382Ser),1
NM_000132.4(F8):c.43C>T (p.Arg15Ter),1
NM_001029883.3(PCARE):c.759G>A (p.Trp253Ter),1
NM_002485.5(NBN):c.1089C>A (p.Tyr363Ter),1
NM_003742.4(ABCB11):c.890A>G (p.Glu297Gly),1
NM_004407.4(DMP1):c.1A>G (p.Met1Val),1
NM_000274.4(OAT):c.3G>A (p.Met1Ile),1
NM_000067.3(CA2):c.707C>A (p.Pro236His),1
NM_000423.3(KRT2):c.1426G>A (p.Glu476Lys),1
NM_007315.4(STAT1):c.1799T>C (p.Leu600Pro),1
NM_001099287.2(NIPAL4):c.586+1G>A,1
NM_018006.5(TRMU):c.2T>A (p.Met1Lys),1
NM_138761.4(BAX):c.199G>A (p.Gly67Arg),1
NM_000374.5(UROD):c.583C>T (p.Leu195Phe),1
NM_005097.4(LGI1):c.360-3C>A,1
NM_000335.5(SCN5A):c.4865G>A (p.Arg1622Gln),1
NM_173076.3(ABCA12):c.4139A>G (p.Asn1380Ser),1
NM_000261.2(MYOC):c.1297T>C (p.Cys433Arg),1
NM_015404.4(WHRN):c.837+1G>A,1
NM_000214.3(JAG1):c.2916+1G>C,1
NM_000901.5(NR3C2):c.2839C>T (p.Arg947Ter),1
NM_003477.3(PDHX):c.1024-1G>A,1
NM_004700.4(KCNQ4):c.827G>C (p.Trp276Ser),1
NM_001365536.1(SCN9A):c.3926T>A (p.Val1309Asp),1
NM_016239.4(MYO15A):c.8968-1G>C,1
NM_014874.4(MFN2):c.281G>A (p.Arg94Gln),1
NM_000388.4(CASR):c.354C>A (p.Asn118Lys),1
NM_000291.4(PGK1):c.473G>T (p.Gly158Val),1
NM_000492.4(CFTR):c.3472C>T (p.Arg1158Ter),1
NM_004098.4(EMX2):c.407-1G>A,1
NM_002335.4(LRP5):c.2202G>A (p.Trp734Ter),1
NM_001243133.2(NLRP3):c.926T>C (p.Phe309Ser),1
NM_013435.3(RAX):c.909C>G (p.Tyr303Ter),1
NM_000376.3(VDR):c.885C>A (p.Tyr295Ter),1
NM_006363.6(SEC23B):c.790C>T (p.Arg264Ter),1
NM_000038.6(APC):c.2805C>A (p.Tyr935Ter),1
NM_153704.6(TMEM67):c.2439+5G>C,1
NM_001999.4(FBN2):c.1171G>A (p.Glu391Lys),1
NM_023067.4(FOXL2):c.586C>T (p.Gln196Ter),1
NM_024407.5(NDUFS7):c.434G>A (p.Arg145His),1
NM_025136.4(OPA3):c.313C>G (p.Gln105Glu),1
NM_000551.4(VHL):c.277G>A (p.Gly93Ser),1
NM_000030.3(AGXT):c.738G>A (p.Trp246Ter),1
NM_000022.4(ADA):c.632G>A (p.Arg211His),1
NM_006492.3(ALX3):c.595-2A>T,1
NM_002381.5(MATN3):c.656C>A (p.Ala219Asp),1
NM_000346.4(SOX9):c.227C>A (p.Ala76Glu),1
NM_001109809.5(ZFP57):c.1372C>G (p.His458Asp),1
NM_018960.6(GNMT):c.149T>C (p.Leu50Pro),1
NM_194318.4(B3GLCT):c.347+5G>A,1
NM_004403.3(GSDME):c.991-6C>G,1
NM_000843.4(GRM6):c.1861C>T (p.Arg621Ter),1
NM_001005337.3(PKP1):c.910C>T (p.Gln304Ter),1
NM_022336.4(EDAR):c.51+1G>A,1
NM_000059.4(BRCA2):c.9196C>T (p.Gln3066Ter),1
NM_003816.3(ADAM9):c.1130+1G>A,1
NM_014946.4(SPAST):c.1688-2A>G,1
NM_001113378.2(FANCI):c.3853C>T (p.Arg1285Ter),1
NM_001034853.2(RPGR):c.2650G>T (p.Glu884Ter),1
NM_032790.4(ORAI1):c.271C>T (p.Arg91Trp),1
NM_000051.4(ATM):c.5309C>G (p.Ser1770Ter),1
NM_031475.3(ESPN):c.2321G>A (p.Arg774Gln),1
NM_201384.3(PLEC):c.832C>T (p.Gln278Ter),1
NM_000216.4(ANOS1):c.711G>A (p.Trp237Ter),1
NM_001127255.2(NLRP7):c.2471+1G>A,1
NM_000512.5(GALNS):c.485C>T (p.Ser162Phe),1
NM_013339.4(ALG6):c.167+5G>A,1
NM_000376.3(VDR):c.98G>A (p.Gly33Asp),1
NM_005476.7(GNE):c.2135T>C (p.Met712Thr),1
NM_015474.4(SAMHD1):c.1642C>T (p.Gln548Ter),1
NM_000348.4(SRD5A2):c.591G>T (p.Glu197Asp),1
NM_001034116.2(EIF2B4):c.683C>T (p.Ala228Val),1
NM_006412.4(AGPAT2):c.683T>C (p.Leu228Pro),1
NM_172245.4(CSF2RA):c.586G>A (p.Gly196Arg),1
NM_000405.5(GM2A):c.506G>C (p.Arg169Pro),1
NM_024757.5(EHMT1):c.3218G>A (p.Cys1073Tyr),1
NM_001042492.3(NF1):c.1260+1G>A,1
NM_020451.3(SELENON):c.1384T>G,1
NM_003664.5(AP3B1):c.1739T>G (p.Leu580Arg),1
NM_017739.4(POMGNT1):c.1425G>A (p.Trp475Ter),1
NM_000520.6(HEXA):c.1495C>T (p.Arg499Cys),1
NM_000429.3(MAT1A):c.914T>C (p.Leu305Pro),1
NM_000132.4(F8):c.5526G>A (p.Met1842Ile),1
NM_004183.4(BEST1):c.679T>A (p.Tyr227Asn),1
NM_000223.4(KRT12):c.404G>T (p.Arg135Ile),1
NM_001042702.5(PJVK):c.161C>T (p.Thr54Ile),1
NM_000520.6(HEXA):c.1421+1G>C,1
NM_016123.4(IRAK4):c.1189-1G>T,1
NM_000190.4(HMBS):c.33+1G>T,1
NM_000132.4(F8):c.1538-1G>T,1
NM_000303.3(PMM2):c.131T>C (p.Val44Ala),1
NM_000335.5(SCN5A):c.5381A>G (p.Tyr1794Cys),1
NM_000492.4(CFTR):c.1585-1G>A,1
NM_139279.6(MCFD2):c.387C>G (p.Asp129Glu),1
NM_005816.5(CD96):c.791C>T (p.Thr264Met),1
NM_004086.3(COCH):c.326T>A (p.Ile109Asn),1
NM_024334.3(TMEM43):c.1073C>T (p.Ser358Leu),1
NM_005450.6(NOG):c.664T>G (p.Tyr222Asp),1
NM_001127255.2(NLRP7):c.2078G>A (p.Arg693Gln),1
NM_000206.3(IL2RG):c.343T>C (p.Cys115Arg),1
NM_000102.4(CYP17A1):c.1040G>A (p.Arg347His),1
NM_153676.4(USH1C):c.91C>T (p.Arg31Ter),1
NM_021102.4(SPINT2):c.593-1G>A,1
NM_004035.7(ACOX1):c.926A>G (p.Gln309Arg),1
NM_138711.6(PPARG):c.862G>A (p.Val288Met),1
NM_004086.3(COCH):c.1625G>A (p.Cys542Tyr),1
NM_000771.4(CYP2C9):c.622T>G (p.Leu208Val),1
NM_001174089.2(SLC4A11):c.1765C>T (p.Arg589Ter),1
NM_001204.7(BMPR2):c.2695C>T (p.Arg899Ter),1
NM_017662.5(TRPM6):c.422C>T (p.Ser141Leu),1
NM_000163.5(GHR):c.303C>A (p.Cys101Ter),1
NM_000492.4(CFTR):c.3846G>A (p.Trp1282Ter),1
NM_001174089.2(SLC4A11):c.1415G>A (p.Arg472Lys),1
NM_000268.4(NF2):c.1579G>T (p.Glu527Ter),1
NM_000453.3(SLC5A5):c.1060A>C (p.Thr354Pro),1
NM_004473.4(FOXE1):c.304C>T (p.Arg102Cys),1
NM_144585.4(SLC22A12):c.1253T>G (p.Leu418Arg),1
NM_173560.4(RFX6):c.224-12A>G,1
NM_000132.4(F8):c.296T>A (p.Val99Asp),1
NM_000132.4(F8):c.6631G>C (p.Ala2211Pro),1
NM_000543.5(SMPD1):c.1493G>T (p.Arg498Leu),1
NM_000317.3(PTS):c.286G>A (p.Asp96Asn),1
NM_000901.5(NR3C2):c.488C>G (p.Ser163Ter),1
NM_000552.5(VWF):c.3178T>C (p.Cys1060Arg),1
NM_006493.4(CLN5):c.907G>T (p.Glu303Ter),1
NM_000243.3(MEFV):c.2040G>A (p.Met680Ile),1
NM_173660.5(DOK7):c.55-1G>T,1
NM_004482.4(GALNT3):c.1720T>G (p.Cys574Gly),1
NM_130849.4(SLC39A4):c.909G>C (p.Gln303His),1
NM_014236.4(GNPAT):c.632G>A (p.Arg211His),1
NM_004937.3(CTNS):c.1015G>A (p.Gly339Arg),1
NM_031433.4(MFRP):c.545T>C (p.Ile182Thr),1
NM_000334.4(SCN4A):c.4342C>T (p.Arg1448Cys),1
NM_015627.3(LDLRAP1):c.89-1G>C,1
NM_024120.5(NDUFAF5):c.477A>C (p.Leu159Phe),1
NM_014251.3(SLC25A13):c.1177+1G>A,1
NM_021083.4(XK):c.880T>C (p.Cys294Arg),1
NM_020533.3(MCOLN1):c.304C>T (p.Arg102Ter),1
NM_001875.5(CPS1):c.130C>T (p.Gln44Ter),1
NM_033337.3(CAV3):c.423C>G (p.Ser141Arg),1
NM_000434.4(NEU1):c.718T>C (p.Trp240Arg),1
NM_000101.4(CYBA):c.287+1G>A,1
NM_000334.4(SCN4A):c.4765G>A (p.Val1589Met),1
NM_003816.3(ADAM9):c.490C>T (p.Arg164Ter),1
NM_000291.4(PGK1):c.617G>C (p.Arg206Pro),1
NM_213599.3(ANO5):c.1066T>G (p.Cys356Gly),1
NM_001005242.3(PKP2):c.235C>T (p.Arg79Ter),1
NM_000237.3(LPL):c.88+1G>C,1
NM_000017.4(ACADS):c.319C>T (p.Arg107Cys),1
NM_006941.4(SOX10):c.521A>C (p.Gln174Pro),1
NM_001384140.1(PCDH15):c.733C>T (p.Arg245Ter),1
NM_001174147.2(LMX1B):c.244C>T (p.Gln82Ter),1
NM_000350.3(ABCA4):c.5285C>A (p.Ala1762Asp),1
NM_023036.6(DNAI2):c.787C>T (p.Arg263Ter),1
NM_000435.3(NOTCH3):c.544C>T (p.Arg182Cys),1
NM_001174150.2(ARL13B):c.246G>A (p.Trp82Ter),1
NM_024312.5(GNPTAB):c.3173C>G (p.Ser1058Ter),1
NM_000132.4(F8):c.5143C>T (p.Arg1715Ter),1
NM_001174089.2(SLC4A11):c.2216G>A (p.Arg739Gln),1
NM_001371623.1(TCOF1):c.2962C>T (p.Arg988Ter),1
NM_017780.4(CHD7):c.5418C>G (p.Tyr1806Ter),1
NM_000492.4(CFTR):c.1657C>T (p.Arg553Ter),1
NM_033337.3(CAV3):c.253G>A (p.Ala85Thr),1
NM_018344.6(SLC29A3):c.1346C>G (p.Thr449Arg),1
NM_006432.5(NPC2):c.58G>T (p.Glu20Ter),1
NM_000190.4(HMBS):c.755C>T (p.Ala252Val),1
NM_000062.3(SERPING1):c.597C>G (p.Tyr199Ter),1
NM_001034853.2(RPGR):c.823G>A (p.Gly275Ser),1
NM_001122752.2(SERPINI1):c.154A>C (p.Ser52Arg),1
NM_178138.6(LHX3):c.672G>A (p.Trp224Ter),1
NM_000330.4(RS1):c.286T>C (p.Trp96Arg),1
NM_172107.4(KCNQ2):c.619C>T (p.Arg207Trp),1
NM_000097.7(CPOX):c.982C>T (p.Arg328Cys),1
NM_015559.3(SETBP1):c.2602G>A (p.Asp868Asn),1
NM_002294.3(LAMP2):c.928G>A (p.Val310Ile),1
NM_000277.3(PAH):c.1315+1G>A,1
NM_000044.6(AR):c.2449+5G>T,1
NM_001278116.2(L1CAM):c.630C>A (p.His210Gln),1
NM_021830.5(TWNK):c.952G>A (p.Ala318Thr),1
NM_032977.4(CASP10):c.1241C>T (p.Ala414Val),1
NM_024426.6(WT1):c.1366T>C (p.Phe456Leu),1
NM_031443.4(CCM2):c.288+1G>A,1
NM_004211.5(SLC6A5):c.1131C>A (p.Tyr377Ter),1
NM_000312.4(PROC):c.1332G>C (p.Trp444Cys),1
NM_002905.5(RDH5):c.841T>C (p.Tyr281His),1
NM_000277.3(PAH):c.1241A>G (p.Tyr414Cys),1
NM_001386393.1(PANK2):c.980T>C (p.Met327Thr),1
NM_000132.4(F8):c.6360T>G (p.Phe2120Leu),1
NM_000474.4(TWIST1):c.556G>A (p.Ala186Thr),1
NM_000026.4(ADSL):c.674T>C (p.Met225Thr),1
NM_002775.5(HTRA1):c.889G>A (p.Val297Met),1
NM_003722.5(TP63):c.727C>T (p.Arg243Trp),1
NM_001360.3(DHCR7):c.1210C>T (p.Arg404Cys),1
NM_003896.4(ST3GAL5):c.862C>T (p.Arg288Ter),1
NM_198407.2(GHSR):c.6G>A (p.Trp2Ter),1
NM_014319.5(LEMD3):c.2564G>A (p.Trp855Ter),1
NM_000226.4(KRT9):c.511G>A (p.Val171Met),1
NM_080669.6(SLC46A1):c.337C>A (p.Arg113Ser),1
NM_005359.6(SMAD4):c.1157G>A (p.Gly386Asp),1
NM_001083962.2(TCF4):c.1733G>C (p.Arg578Pro),1
NM_000505.4(F12):c.1115G>C (p.Arg372Pro),1
NM_000132.4(F8):c.1043G>C (p.Cys348Ser),1
NM_003839.4(TNFRSF11A):c.157G>C (p.Gly53Arg),1
NM_025114.4(CEP290):c.21G>T (p.Trp7Cys),1
NM_001042492.3(NF1):c.5908A>T (p.Arg1970Ter),1
NM_005677.4(COLQ):c.1289A>C (p.Tyr430Ser),1
NM_001128178.3(NPHP1):c.80T>A (p.Leu27Ter),1
NM_000059.4(BRCA2):c.8219T>A (p.Leu2740Ter),1
NM_004482.4(GALNT3):c.516-2A>T,1
NM_001130987.2(DYSF):c.5318A>G (p.Glu1773Gly),1
NM_005609.4(PYGM):c.1A>G (p.Met1Val),1
NM_000158.4(GBE1):c.1774G>T (p.Glu592Ter),1
NM_000388.4(CASR):c.185G>T (p.Arg62Met),1
NM_004531.5(MOCS2):c.3G>A (p.Met1Ile),1
NM_016247.4(IMPG2):c.635C>G (p.Ser212Ter),1
NM_001370466.1(NOD2):c.919C>T (p.Arg307Trp),1
NM_015629.4(PRPF31):c.646G>C (p.Ala216Pro),1
NM_005097.4(LGI1):c.365T>A (p.Ile122Lys),1
NM_015713.5(RRM2B):c.362G>A (p.Arg121His),1
NM_001029871.4(RSPO4):c.194A>G (p.Gln65Arg),1
NM_006772.3(SYNGAP1):c.1735C>T (p.Arg579Ter),1
NM_000314.8(PTEN):c.469G>T (p.Glu157Ter),1
NM_000503.6(EYA1):c.1087G>A (p.Glu363Lys),1
NM_000527.5(LDLR):c.682G>A (p.Glu228Lys),1
NM_178452.6(DNAAF1):c.792C>A (p.Tyr264Ter),1
NM_201253.3(CRB1):c.2983G>T (p.Glu995Ter),1
NM_003919.3(SGCE):c.587T>G (p.Leu196Arg),1
NM_001365951.3(KIF1B):c.293A>T (p.Gln98Leu),1
NM_054012.4(ASS1):c.910C>T (p.Arg304Trp),1
NM_002180.3(IGHMBP2):c.121C>T (p.Gln41Ter),1
NM_001173464.2(KIF21A):c.2860C>T (p.Arg954Trp),1
NM_172201.2(KCNE2):c.178T>C (p.Phe60Leu),1
NM_002335.4(LRP5):c.511G>C (p.Gly171Arg),1
NM_004473.4(FOXE1):c.194C>T (p.Ala65Val),1
NM_002335.4(LRP5):c.640G>A (p.Ala214Thr),1
NM_170784.3(MKKS):c.792T>A (p.Tyr264Ter),1
NM_000441.2(SLC26A4):c.1489G>A (p.Gly497Ser),1
NM_000353.3(TAT):c.668C>G (p.Ser223Ter),1
NM_032409.3(PINK1):c.1040T>C (p.Leu347Pro),1
NM_001127217.3(SMAD9):c.606C>A (p.Cys202Ter),1
NM_000132.4(F8):c.5879G>T (p.Arg1960Leu),1
NM_001173464.2(KIF21A):c.2839A>G (p.Met947Val),1
NM_001005242.3(PKP2):c.2357+1G>A,1
NM_001080.3(ALDH5A1):c.1234C>T (p.Arg412Ter),1
NM_000543.5(SMPD1):c.1177T>G (p.Trp393Gly),1
NM_000492.4(CFTR):c.1682C>A (p.Ala561Glu),1
NM_001127222.2(CACNA1A):c.2142C>A (p.Asp714Glu),1
NM_001378687.1(ATP2C1):c.900-1G>A,1
NM_000436.4(OXCT1):c.848C>G (p.Ser283Ter),1
NM_000152.5(GAA):c.1634C>T (p.Pro545Leu),1
NM_006996.3(SLC19A2):c.484C>T (p.Arg162Ter),1
NM_024426.6(WT1):c.1315C>T (p.Arg439Cys),1
NM_005055.5(RAPSN):c.416T>C (p.Phe139Ser),1
NM_000102.4(CYP17A1):c.1358T>C (p.Phe453Ser),1
NM_015272.5(RPGRIP1L):c.1843A>C (p.Thr615Pro),1
NM_000512.5(GALNS):c.689G>A (p.Trp230Ter),1
NM_032581.4(HYCC1):c.158T>C (p.Leu53Pro),1
NM_000077.5(CDKN2A):c.301G>T (p.Gly101Trp),1
NM_004183.4(BEST1):c.256G>A (p.Val86Met),1
NM_001032221.6(STXBP1):c.539G>A (p.Cys180Tyr),1
NM_000095.3(COMP):c.982T>C (p.Cys328Arg),1
NM_020376.4(PNPLA2):c.865C>T (p.Gln289Ter),1
NM_032383.5(HPS3):c.1163+1G>A,1
NM_001353214.3(DYM):c.1405A>T (p.Asn469Tyr),1
NM_000350.3(ABCA4):c.2565G>A (p.Trp855Ter),1
NM_004187.5(KDM5C):c.2080C>T (p.Arg694Ter),1
NM_000492.4(CFTR):c.2490+1G>A,1
NM_000132.4(F8):c.6794A>G (p.Gln2265Arg),1
NM_000391.4(TPP1):c.509-1G>C,1
NM_017791.3(FLVCR2):c.1289C>G (p.Thr430Arg),1
NM_015040.4(PIKFYVE):c.3308A>G (p.Lys1103Arg),1
NM_152783.5(D2HGDH):c.1315A>G (p.Asn439Asp),1
NM_024577.4(SH3TC2):c.3325C>T (p.Arg1109Ter),1
NM_000396.4(CTSK):c.830C>T (p.Ala277Val),1
NM_005581.5(BCAM):c.361C>T (p.Arg121Ter),1
NM_183235.3(RAB27A):c.389T>C (p.Leu130Pro),1
NM_004329.3(BMPR1A):c.812G>A (p.Trp271Ter),1
NM_007126.5(VCP):c.476G>A (p.Arg159His),1
NM_001278293.3(ARL6):c.364C>T (p.Arg122Ter),1
NM_001080467.3(MYO5B):c.1979C>T (p.Pro660Leu),1
NM_207122.2(EXT2):c.744-2A>C,1
NM_001379180.1(ESRRB):c.392C>T (p.Ala131Val),1
NM_002641.4(PIGA):c.163C>T (p.Gln55Ter),1
NM_001378615.1(CC2D2A):c.3145C>T (p.Arg1049Ter),1
NM_001201543.2(FAM161A):c.1786C>T (p.Arg596Ter),1
NM_001199107.2(TBC1D24):c.439G>C (p.Asp147His),1
NM_000380.4(XPA):c.682C>T (p.Arg228Ter),1
NM_000048.4(ASL):c.532G>A (p.Val178Met),1
NM_001042472.3(ABHD12):c.1054C>T (p.Arg352Ter),1
NM_206933.4(USH2A):c.2209C>T (p.Arg737Ter),1
NM_000388.4(CASR):c.539T>G (p.Phe180Cys),1
NM_017671.5(FERMT1):c.811C>T (p.Arg271Ter),1
NM_001033855.3(DCLRE1C):c.597C>A (p.Tyr199Ter),1
NM_014585.6(SLC40A1):c.542A>T (p.Asp181Val),1
NM_005857.5(ZMPSTE24):c.715G>T (p.Glu239Ter),1
NM_001264.5(CDSN):c.643C>T (p.Gln215Ter),1
NM_000350.3(ABCA4):c.4139C>T (p.Pro1380Leu),1
NM_000492.4(CFTR):c.1475C>T (p.Ser492Phe),1
NM_000289.6(PFKM):c.1341+1G>T,1
NM_004562.3(PRKN):c.931C>T (p.Gln311Ter),1
NM_002408.4(MGAT2):c.952A>G (p.Asn318Asp),1
NM_000350.3(ABCA4):c.5912T>G (p.Leu1971Arg),1
NM_020533.3(MCOLN1):c.406-2A>G,1
NM_000483.5(APOC2):c.142T>C (p.Trp48Arg),1
NM_001370658.1(BTD):c.695A>G (p.Asp232Gly),1
NM_147127.5(EVC2):c.1855C>T (p.Gln619Ter),1
NM_005609.4(PYGM):c.148C>T (p.Arg50Ter),1
NM_001164277.2(SLC37A4):c.1063G>T (p.Glu355Ter),1
NM_000392.5(ABCC2):c.1967+2T>C,1
NM_000551.4(VHL):c.334T>A (p.Tyr112Asn),1
NM_000310.4(PPT1):c.223A>C (p.Thr75Pro),1
NM_000190.4(HMBS):c.100C>A (p.Gln34Lys),1
NM_014874.4(MFN2):c.227T>C (p.Leu76Pro),1
NM_014694.4(ADAMTSL2):c.440C>T (p.Pro147Leu),1
NM_175875.5(SIX5):c.1093G>A (p.Gly365Arg),1
NM_000303.3(PMM2):c.669C>G (p.Asp223Glu),1
NM_014874.4(MFN2):c.310C>T (p.Arg104Trp),1
NM_014252.4(SLC25A15):c.110T>G (p.Met37Arg),1
NM_003579.4(RAD54L):c.1331T>A (p.Val444Glu),1
NM_003140.3(SRY):c.326T>C (p.Phe109Ser),1
NM_006019.4(TCIRG1):c.1392C>A (p.Cys464Ter),1
NM_004187.5(KDM5C):c.1353C>G (p.Ser451Arg),1
NM_004525.3(LRP2):c.8452+1G>A,1
NM_024598.4(USB1):c.504-2A>C,1
NM_000317.3(PTS):c.259C>T (p.Pro87Ser),1
NM_000140.5(FECH):c.1085T>G (p.Val362Gly),1
NM_000067.3(CA2):c.508-1G>C,1
NM_000140.5(FECH):c.1077+1G>A,1
NM_000030.3(AGXT):c.198C>G (p.Tyr66Ter),1
NM_032409.3(PINK1):c.926G>A (p.Gly309Asp),1
NM_000277.3(PAH):c.143T>C (p.Leu48Ser),1
NM_006996.3(SLC19A2):c.1074G>A (p.Trp358Ter),1
NM_001022.4(RPS19):c.250A>T (p.Arg84Ter),1
NM_004035.7(ACOX1):c.832A>G (p.Met278Val),1
NM_005982.4(SIX1):c.364T>A (p.Trp122Arg),1
NM_000785.4(CYP27B1):c.1004G>C (p.Arg335Pro),1
NM_152618.3(BBS12):c.1063C>T (p.Arg355Ter),1
NM_001199107.2(TBC1D24):c.751T>C (p.Phe251Leu),1
NM_021830.5(TWNK):c.1061G>C (p.Arg354Pro),1
NM_003482.4(KMT2D):c.16360C>T (p.Arg5454Ter),1
NM_004281.4(BAG3):c.626C>T (p.Pro209Leu),1
NM_213599.3(ANO5):c.2272C>T (p.Arg758Cys),1
NM_000784.4(CYP27A1):c.1421G>A (p.Arg474Gln),1
NM_000132.4(F8):c.1418A>G (p.Tyr473Cys),1
NM_198578.4(LRRK2):c.4321C>T (p.Arg1441Cys),1
NM_000346.4(SOX9):c.472G>A (p.Ala158Thr),1
NM_000277.3(PAH):c.331C>T (p.Arg111Ter),1
NM_000354.5(SERPINA7):c.347T>A (p.Ile116Asn),1
NM_017849.4(TMEM127):c.410-2A>C,1
NM_000193.4(SHH):c.349T>G (p.Trp117Gly),1
NM_005677.4(COLQ):c.718G>T (p.Gly240Ter),1
NM_001365536.1(SCN9A):c.984C>A (p.Tyr328Ter),1
NM_001130987.2(DYSF):c.3191G>A (p.Arg1064His),1
NM_013382.7(POMT2):c.2177G>A (p.Gly726Glu),1
NM_024301.5(FKRP):c.160C>T (p.Arg54Trp),1
NM_000102.4(CYP17A1):c.316T>C (p.Ser106Pro),1
NM_198488.5(SACK1H):c.1380G>A (p.Trp460Ter),1
NM_004698.4(PRPF3):c.1477C>T (p.Pro493Ser),1
NM_001173464.2(KIF21A):c.3029T>C (p.Ile1010Thr),1
NM_001003722.2(GLE1):c.1849G>A (p.Val617Met),1
NM_000334.4(SCN4A):c.3478A>G (p.Ile1160Val),1
NM_001171.6(ABCC6):c.3341G>C (p.Arg1114Pro),1
NM_004465.2(FGF10):c.409A>T (p.Lys137Ter),1
NM_133459.4(CCBE1):c.520T>C (p.Cys174Arg),1
NM_000376.3(VDR):c.985G>A (p.Glu329Lys),1
NM_001017995.3(SH3PXD2B):c.76-2A>C,1
NM_000161.3(GCH1):c.262C>T (p.Arg88Trp),1
NM_001126108.2(SLC12A3):c.1889G>T (p.Gly630Val),1
NM_000135.4(FANCA):c.513G>A (p.Trp171Ter),1
NM_001378687.1(ATP2C1):c.1751T>C (p.Leu584Pro),1
NM_001009944.3(PKD1):c.11512C>T (p.Gln3838Ter),1
NM_000132.4(F8):c.328A>G (p.Met110Val),1
NM_024782.3(NHEJ1):c.367T>C (p.Cys123Arg),1
NM_018419.3(SOX18):c.283T>A (p.Trp95Arg),1
NM_006214.4(PHYH):c.526C>A (p.Gln176Lys),1
NC_012920.1(MT-TN):m.5703G>A,1
NC_012920.1(MT-CO1):m.7275T>C,1
NC_012920.1(MT-ATP6):m.8993T>G,1
NM_001264.5(CDSN):c.598C>T (p.Gln200Ter),1
NM_213653.4(HJV):c.238T>C (p.Cys80Arg),1
NM_002294.3(LAMP2):c.520C>T (p.Gln174Ter),1
NM_020184.4(CNNM4):c.599C>A (p.Ser200Tyr),1
NM_022436.3(ABCG5):c.1256G>C (p.Arg419Pro),1
NM_006005.3(WFS1):c.1944G>A (p.Trp648Ter),1
NM_000288.4(PEX7):c.694C>T (p.Arg232Ter),1
NM_004924.6(ACTN4):c.763A>G (p.Lys255Glu),1
NM_000503.6(EYA1):c.1514T>G (p.Leu505Arg),1
NM_016341.4(PLCE1):c.3346C>T (p.Arg1116Ter),1
NM_000059.4(BRCA2):c.5645C>G (p.Ser1882Ter),1
NM_000349.3(STAR):c.772C>T (p.Gln258Ter),1
NM_000388.4(CASR):c.382T>C (p.Phe128Leu),1
NM_000182.5(HADHA):c.871C>T (p.Arg291Ter),1
NM_000320.3(QDPR):c.106T>C (p.Trp36Arg),1
NM_000551.4(VHL):c.191G>C (p.Arg64Pro),1
NM_004482.4(GALNT3):c.1441C>T (p.Gln481Ter),1
NM_000132.4(F8):c.5900G>A (p.Gly1967Asp),1
NM_000132.4(F8):c.822G>A (p.Trp274Ter),1
NM_000487.6(ARSA):c.413C>T (p.Pro138Leu),1
NM_000132.4(F8):c.5618C>G (p.Pro1873Arg),1
NM_000388.4(CASR):c.1942C>T (p.Arg648Ter),1
NM_000404.4(GLB1):c.1369C>T (p.Arg457Ter),1
NM_001451.3(FOXF1):c.1138T>C (p.Ter380Arg),1
NM_000190.4(HMBS):c.33+1G>A,1
NM_004698.4(PRPF3):c.1466C>A (p.Ala489Asp),1
NM_182943.3(PLOD2):c.1886C>T (p.Thr629Ile),1
NM_001278116.2(L1CAM):c.2432-19A>C,1
NM_001379228.1(MRAP):c.106+1G>C,1
NM_000132.4(F8):c.1063C>T (p.Arg355Ter),1
NM_000044.6(AR):c.2599G>A (p.Val867Met),1
NM_152443.3(RDH12):c.184C>T (p.Arg62Ter),1
NM_004937.3(CTNS):c.329G>T (p.Gly110Val),1
NM_003140.3(SRY):c.209G>A (p.Trp70Ter),1
NM_000044.6(AR):c.1789G>A (p.Ala597Thr),1
NM_000557.5(GDF5):c.1313G>T (p.Arg438Leu),1
NM_000277.3(PAH):c.1169A>G (p.Glu390Gly),1
NM_020427.3(SLURP1):c.296G>A (p.Cys99Tyr),1
NM_000288.4(PEX7):c.903+1G>C,1
NM_005677.4(COLQ):c.640G>T (p.Glu214Ter),1
NM_000285.4(PEPD):c.1234G>A (p.Glu412Lys),1
NM_000435.3(NOTCH3):c.187G>A (p.Ala63Thr),1
NM_139343.3(BIN1):c.451G>A (p.Asp151Asn),1
NM_000334.4(SCN4A):c.3472C>T (p.Pro1158Ser),1
NM_020312.4(COQ9):c.730C>T (p.Arg244Ter),1
NM_016247.4(IMPG2):c.2890C>T (p.Arg964Ter),1
NM_017838.4(NHP2):c.460T>A (p.Ter154Arg),1
NM_000376.3(VDR):c.454C>T (p.Gln152Ter),1
NM_002336.3(LRP6):c.1831C>T (p.Arg611Cys),1
NM_014780.5(CUL7):c.1570-3C>A,1
NM_003002.4(SDHD):c.305A>T (p.His102Leu),1
NM_004183.4(BEST1):c.25G>A (p.Val9Met),1
NM_003140.3(SRY):c.274A>T (p.Lys92Ter),1
NM_021926.4(ALX4):c.653G>A (p.Arg218Gln),1
NM_000338.3(SLC12A1):c.724+4A>G,1
NM_003730.6(RNASET2):c.550T>C (p.Cys184Arg),1
NM_000194.3(HPRT1):c.428T>A (p.Met143Lys),1
NM_020427.3(SLURP1):c.229T>C (p.Cys77Arg),1
NM_178161.3(PTF1A):c.886C>T (p.Arg296Ter),1
NM_000286.3(PEX12):c.273A>T (p.Arg91Ser),1
NM_000344.4(SMN1):c.784A>G (p.Ser262Gly),1
NM_153704.6(TMEM67):c.130C>T (p.Gln44Ter),1
NM_000085.5(CLCNKB):c.230-1G>C,1
NM_001300.6(KLF6):c.190T>C (p.Trp64Arg),1
NM_014585.6(SLC40A1):c.800G>A (p.Gly267Asp),1
NM_000388.4(CASR):c.2318T>G (p.Leu773Arg),1
NM_001041.4(SI):c.350A>G (p.Gln117Arg),1
NM_006147.4(IRF6):c.1186C>T (p.Pro396Ser),1
NM_021628.3(ALOXE3):c.700C>T (p.Arg234Ter),1
NM_000492.4(CFTR):c.19G>T (p.Glu7Ter),1
NM_198488.5(SACK1H):c.891T>A (p.Tyr297Ter),1
NM_014363.6(SACS):c.7504C>T (p.Arg2502Ter),1
NM_000436.4(OXCT1):c.1367G>T (p.Cys456Phe),1
NM_004064.5(CDKN1B):c.227G>A (p.Trp76Ter),1
NM_173076.3(ABCA12):c.3535G>A (p.Gly1179Arg),1
NM_000161.3(GCH1):c.602G>A (p.Gly201Glu),1
NM_005677.4(COLQ):c.844A>T (p.Arg282Ter),1
NM_001242908.2(RSPO1):c.286+1G>A,1
NM_001109809.5(ZFP57):c.743G>A (p.Arg248His),1
NM_000543.5(SMPD1):c.1267C>T (p.His423Tyr),1
NM_001365536.1(SCN9A):c.2576T>C (p.Ile859Thr),1
NM_018136.5(ASPM):c.6189T>G (p.Tyr2063Ter),1
NM_000353.3(TAT):c.236-5A>G,1
NM_173560.4(RFX6):c.380+2T>C,1
NM_000237.3(LPL):c.1081G>A (p.Ala361Thr),1
NM_000455.5(STK11):c.759C>A (p.Tyr253Ter),1
NM_018419.3(SOX18):c.310G>C (p.Ala104Pro),1
NM_004273.5(CHST3):c.776T>C (p.Leu259Pro),1
NM_138413.4(HOGA1):c.860G>T (p.Gly287Val),1
NM_000419.5(ITGA2B):c.1063G>A (p.Glu355Lys),1
NM_003999.3(OSMR):c.1853G>C (p.Gly618Ala),1
NM_001876.4(CPT1A):c.1876-1G>A,1
NM_000240.4(MAOA):c.886C>T (p.Gln296Ter),1
NM_001360.3(DHCR7):c.1055G>A (p.Arg352Gln),1
NM_000447.3(PSEN2):c.254C>T (p.Ala85Val),1
NM_002181.4(IHH):c.461C>T (p.Thr154Ile),1
NM_000229.2(LCAT):c.508T>C (p.Trp170Arg),1
NM_006031.6(PCNT):c.3109G>T (p.Glu1037Ter),1
NM_000181.4(GUSB):c.442C>T (p.Pro148Ser),1
NM_000552.5(VWF):c.2561G>A (p.Arg854Gln),1
NM_000127.3(EXT1):c.1019G>T (p.Arg340Leu),1
NM_006371.5(CRTAP):c.826C>T (p.Gln276Ter),1
NM_130849.4(SLC39A4):c.989G>A (p.Gly330Asp),1
NM_014319.5(LEMD3):c.1609C>T (p.Arg537Ter),1
NM_025074.7(FRAS1):c.3799C>T (p.Gln1267Ter),1
NM_000350.3(ABCA4):c.52C>T (p.Arg18Trp),1
NM_001042432.2(CLN3):c.883G>A (p.Glu295Lys),1
NM_001174147.2(LMX1B):c.668G>A (p.Arg223Gln),1
NM_030662.4(MAP2K2):c.383C>A (p.Pro128Gln),1
NM_000557.5(GDF5):c.1322T>C (p.Leu441Pro),1
NM_198586.3(NHLRC1):c.793C>T (p.Arg265Ter),1
NM_032409.3(PINK1):c.736C>T (p.Arg246Ter),1
NM_000388.4(CASR):c.452C>T (p.Thr151Met),1
NM_000095.3(COMP):c.1414G>T (p.Asp472Tyr),1
NM_005422.4(TECTA):c.5609A>G (p.Tyr1870Cys),1
NM_006892.4(DNMT3B):c.88C>T (p.Gln30Ter),1
NM_012398.3(PIP5K1C):c.757G>A (p.Asp253Asn),1
NM_152594.3(SPRED1):c.131T>A (p.Val44Asp),1
NM_000354.5(SERPINA7):c.571G>A (p.Asp191Asn),1
NM_000268.4(NF2):c.784C>T (p.Arg262Ter),1
NM_001457.4(FLNB):c.604A>G (p.Met202Val),1
NM_031885.5(BBS2):c.416G>T (p.Gly139Val),1
NM_000527.5(LDLR):c.2140+1G>A,1
NM_000507.4(FBP1):c.530C>A (p.Ala177Asp),1
NM_005957.5(MTHFR):c.547C>T (p.Arg183Ter),1
NM_194454.3(KRIT1):c.987C>A (p.Cys329Ter),1
NM_001368894.2(PAX6):c.655C>T (p.Gln219Ter),1
NM_199242.3(UNC13D):c.1208T>C (p.Leu403Pro),1
NM_000209.4(PDX1):c.532G>A (p.Glu178Lys),1
NM_001278293.3(ARL6):c.509T>G (p.Leu170Trp),1
NM_006415.4(SPTLC1):c.992C>T (p.Ser331Phe),1
NM_000085.5(CLCNKB):c.371C>T (p.Pro124Leu),1
NM_000459.5(TEK):c.2545C>T (p.Arg849Trp),1
NM_173660.5(DOK7):c.601C>T (p.Arg201Ter),1
NM_000492.4(CFTR):c.3611G>A (p.Trp1204Ter),1
NM_022458.4(LMBR1):c.423+5134C>G,1
NM_013319.3(UBIAD1):c.529G>C (p.Gly177Arg),1
NM_000100.4(CSTB):c.67-1G>C,1
NM_000193.4(SHH):c.298C>T (p.Gln100Ter),1
NM_206933.4(USH2A):c.779T>G (p.Leu260Ter),1
NM_033163.5(FGF8):c.298A>G (p.Lys100Glu),1
NM_000132.4(F8):c.6193T>C (p.Trp2065Arg),1
NM_198219.3(ING1):c.647A>G (p.Asn216Ser),1
NM_000132.4(F8):c.5167G>A (p.Glu1723Lys),1
NM_000274.4(OAT):c.1201G>T (p.Gly401Ter),1
NM_000336.3(SCNN1B):c.1696C>T (p.Arg566Ter),1
NM_172107.4(KCNQ2):c.1662G>T (p.Lys554Asn),1
NM_018129.4(PNPO):c.784T>C (p.Ter262Gln),1
NM_000255.4(MMUT):c.322C>T (p.Arg108Cys),1
NM_000251.3(MSH2):c.1906G>C (p.Ala636Pro),1
NM_015634.4(KIFBP):c.250G>T (p.Glu84Ter),1
NM_004482.4(GALNT3):c.1626+1G>A,1
NM_001122955.4(BSCL2):c.1015C>T (p.Arg339Ter),1
NM_152783.5(D2HGDH):c.440T>G (p.Ile147Ser),1
NM_000268.4(NF2):c.1396C>T (p.Arg466Ter),1
NM_003221.4(TFAP2B):c.824C>A (p.Ala275Asp),1
NM_000157.4(GBA1):c.1192C>T (p.Arg398Ter),1
NM_000095.3(COMP):c.1418A>G (p.Asp473Gly),1
NM_003900.5(SQSTM1):c.1165+1G>A,1
NM_025000.4(DCAF17):c.1091+6T>G,1
NM_000161.3(GCH1):c.142C>T (p.Gln48Ter),1
NM_002641.4(PIGA):c.1188+1G>A,1
NM_001130987.2(DYSF):c.6241C>T (p.Arg2081Cys),1
NM_004260.4(RECQL4):c.806G>A (p.Trp269Ter),1
NM_020638.3(FGF23):c.527G>A (p.Arg176Gln),1
NM_000535.7(PMS2):c.219T>A (p.Cys73Ter),1
NM_000492.4(CFTR):c.1624G>T (p.Gly542Ter),1
NM_004187.5(KDM5C):c.2296C>T (p.Arg766Trp),1
NM_213606.4(SLC16A12):c.733C>T (p.Gln245Ter),1
NM_020451.2(SELENON):c.1385G>A (p.Sec462=),1
NM_000152.5(GAA):c.1927G>A (p.Gly643Arg),1
NM_144997.7(FLCN):c.1389C>G (p.Tyr463Ter),1
NM_007375.4(TARDBP):c.991C>A (p.Gln331Lys),1
NM_001372073.1(PDGFRL):c.67C>T (p.His23Tyr),1
NM_000380.4(XPA):c.172+2T>G,1
NM_001014.5(RPS10):c.337C>T (p.Arg113Ter),1
NM_004100.5(EYA4):c.1282-12T>A,1
NM_000132.4(F8):c.5399G>A (p.Arg1800His),1
NM_022124.6(CDH23):c.719C>T (p.Pro240Leu),1
NM_000132.4(F8):c.6518C>T (p.Thr2173Ile),1
NM_004629.2(FANCG):c.313G>T (p.Glu105Ter),1
NM_000527.5(LDLR):c.530C>T (p.Ser177Leu),1
NM_000206.3(IL2RG):c.664C>T (p.Arg222Cys),1
NM_021728.4(OTX2):c.561T>A (p.Tyr187Ter),1
NM_000152.5(GAA):c.877G>A (p.Gly293Arg),1
NM_000038.6(APC):c.1458T>G (p.Tyr486Ter),1
NM_000497.4(CYP11B1):c.953C>T (p.Thr318Met),1
NM_000344.4(SMN1):c.836G>T (p.Gly279Val),1
NM_000193.4(SHH):c.313A>T (p.Lys105Ter),1
NM_001379228.1(MRAP):c.106+1G>T,1
NM_000975.5(RPL11):c.223C>T (p.Arg75Ter),1
NM_001042492.3(NF1):c.5773G>T (p.Glu1925Ter),1
NM_000274.4(OAT):c.163T>C (p.Tyr55His),1
NM_001378615.1(CC2D2A):c.2848C>T (p.Arg950Ter),1
NM_006214.4(PHYH):c.135-2A>G,1
NM_000419.5(ITGA2B):c.1073G>A (p.Arg358His),1
NM_198428.3(BBS9):c.1063C>T (p.Gln355Ter),1
NM_000268.4(NF2):c.1613A>C (p.Gln538Pro),1
NM_000194.2(HPRT1):c.209G>A (p.Gly70Glu),1
NM_020547.3(AMHR2):c.232+1G>A,1
NM_182760.4(SUMF1):c.1033C>T (p.Arg345Cys),1
NM_000044.6(AR):c.2571C>G (p.Phe857Leu),1
NM_032119.4(ADGRV1):c.18131A>G (p.Tyr6044Cys),1
NM_000388.4(CASR):c.280G>T (p.Gly94Ter),1
NM_173483.4(CYP4F22):c.728G>A (p.Arg243His),1
NM_001368894.2(PAX6):c.1075-2A>G,1
NM_015139.3(SLC35D1):c.636+1G>T,1
NM_000161.3(GCH1):c.633G>A (p.Met211Ile),1
NM_177438.3(DICER1):c.2830C>T (p.Arg944Ter),1
NM_058172.6(ANTXR2):c.1142A>G (p.Tyr381Cys),1
NM_001609.4(ACADSB):c.763C>T (p.Leu255Phe),1
NM_000434.4(NEU1):c.239C>T (p.Pro80Leu),1
NM_000132.4(F8):c.5183A>G (p.Tyr1728Cys),1
NM_014028.4(OSTM1):c.949+5G>A,1
NM_017780.4(CHD7):c.4795C>T (p.Gln1599Ter),1
NM_001077653.2(TBX20):c.363C>G (p.Ile121Met),1
NM_153704.6(TMEM67):c.2556+1G>T,1
NM_005169.4(PHOX2A):c.406-1G>A,1
NM_000104.4(CYP1B1):c.1405C>T (p.Arg469Trp),1
NM_000277.3(PAH):c.814G>T (p.Gly272Ter),1
NM_000263.4(NAGLU):c.1444C>T (p.Arg482Trp),1
NM_138387.4(G6PC3):c.758G>A (p.Arg253His),1
NM_000038.6(APC):c.1621C>T (p.Gln541Ter),1
NM_020427.3(SLURP1):c.256G>C (p.Gly86Arg),1
NM_005251.3(FOXC2):c.362G>A (p.Arg121His),1
NM_032520.5(GNPTG):c.333G>A (p.Trp111Ter),1
NM_006642.5(SDCCAG8):c.679A>T (p.Lys227Ter),1
NM_000155.4(GALT):c.580T>C (p.Phe194Leu),1
NM_001365088.1(SLC12A6):c.2023C>T (p.Arg675Ter),1
NM_201253.3(CRB1):c.2401A>T (p.Lys801Ter),1
NM_014491.4(FOXP2):c.982C>T (p.Arg328Ter),1
NM_003322.6(TULP1):c.1259G>C (p.Arg420Pro),1
NM_003476.5(CSRP3):c.172T>G (p.Cys58Gly),1
NM_000099.4(CST3):c.281T>A (p.Leu94Gln),1
NM_194323.3(OTOF):c.3659C>G (p.Pro1220Arg),1
NM_021625.5(TRPV4):c.805C>T (p.Arg269Cys),1
NM_152594.3(SPRED1):c.190C>T (p.Arg64Ter),1
NM_003002.4(SDHD):c.416T>C (p.Leu139Pro),1
NM_000376.3(VDR):c.149G>A (p.Arg50Gln),1
NM_001384910.1(GUCA1A):c.296A>G (p.Tyr99Cys),1
NM_000152.5(GAA):c.2173C>T (p.Arg725Trp),1
NM_001032221.6(STXBP1):c.1631G>A (p.Gly544Asp),1
NM_020247.5(COQ8A):c.815G>A (p.Gly272Asp),1
NM_004565.3(PEX14):c.553C>T (p.Gln185Ter),1
NM_004646.4(NPHS1):c.2464G>A (p.Val822Met),1
NM_020381.4(PDSS2):c.964C>T (p.Gln322Ter),1
NM_002335.4(LRP5):c.1453G>T (p.Glu485Ter),1
NM_000182.5(HADHA):c.1132C>T (p.Gln378Ter),1
NM_004525.3(LRP2):c.1341+2T>G,1
NM_003051.4(SLC16A1):c.-202G>A,1
NM_012434.5(SLC17A5):c.115C>T (p.Arg39Cys),1
NM_000147.5(FUCA1):c.648C>A (p.Tyr216Ter),1
NM_000251.3(MSH2):c.1216C>T (p.Arg406Ter),1
NM_194248.3(OTOF):c.766-2A>G,1
NM_000261.2(MYOC):c.1267A>G (p.Lys423Glu),1
NM_006147.4(IRF6):c.1016G>T (p.Arg339Ile),1
NM_001205254.2(OCLN):c.656T>C (p.Phe219Ser),1
NM_006343.3(MERTK):c.1605-2A>G,1
NM_000190.4(HMBS):c.463C>T (p.Gln155Ter),1
NM_000102.4(CYP17A1):c.436+5G>T,1
NM_004482.4(GALNT3):c.1524+1G>A,1
NM_133459.4(CCBE1):c.305G>C (p.Cys102Ser),1
NM_018249.6(CDK5RAP2):c.4005-15A>G,1
NM_001048174.2(MUTYH):c.1354G>T (p.Glu452Ter),1
NM_003477.3(PDHX):c.742C>T (p.Gln248Ter),1
NM_000338.3(SLC12A1):c.814G>T (p.Val272Phe),1
NM_000369.5(TSHR):c.1897G>C (p.Asp633His),1
NM_003921.5(BCL10):c.172C>T (p.Arg58Ter),1
NM_000314.8(PTEN):c.368A>G (p.His123Arg),1
NM_153766.3(KCNJ1):c.315T>A (p.Asn105Lys),1
NM_003850.3(SUCLA2):c.352G>A (p.Gly118Arg),1
NM_000520.6(HEXA):c.409C>T (p.Arg137Ter),1
NM_007315.4(STAT1):c.1389G>T (p.Gln463His),1
NM_000163.5(GHR):c.181C>T (p.Arg61Ter),1
NM_000132.4(F8):c.77T>G (p.Leu26Arg),1
NM_000344.4(SMN1):c.283G>C (p.Gly95Arg),1
NM_002296.4(LBR):c.166-2A>G,1
NM_000190.4(HMBS):c.499C>T (p.Arg167Trp),1
NM_001206744.2(TPO):c.1618C>T (p.Arg540Ter),1
NM_001017420.3(ESCO2):c.505C>T (p.Arg169Ter),1
NM_024009.3(GJB3):c.101T>C (p.Leu34Pro),1
NM_000161.3(GCH1):c.3G>C (p.Met1Ile),1
NM_139279.6(MCFD2):c.309+1G>A,1
NM_003865.3(HESX1):c.357+2T>C,1
NM_013339.4(ALG6):c.998C>T (p.Ala333Val),1
NM_000206.3(IL2RG):c.923C>A (p.Ser308Ter),1
NM_000374.5(UROD):c.912C>A (p.Asn304Lys),1
NM_000551.4(VHL):c.405A>C (p.Leu135Phe),1
NM_001099287.2(NIPAL4):c.247C>T (p.Arg83Ter),1
NM_000372.5(TYR):c.1118C>A (p.Thr373Lys),1
NM_001139.3(ALOX12B):c.1734C>A (p.His578Gln),1
NM_021926.4(ALX4):c.736C>T (p.Gln246Ter),1
NM_000441.2(SLC26A4):c.1246A>C (p.Thr416Pro),1
NM_024426.6(WT1):c.1208G>A (p.Cys403Tyr),1
NM_000334.4(SCN4A):c.3891C>A (p.Asn1297Lys),1
NM_001009944.3(PKD1):c.12138+1G>C,1
NM_000132.4(F8):c.670G>T (p.Gly224Trp),1
NM_138694.4(PKHD1):c.4991C>T (p.Ser1664Phe),1
NM_015311.3(OBSL1):c.1149C>A (p.Cys383Ter),1
NM_030957.4(ADAMTS10):c.1553G>A (p.Gly518Asp),1
NM_000314.8(PTEN):c.766G>T (p.Glu256Ter),1
NM_016006.6(ABHD5):c.778G>A (p.Glu260Lys),1
NM_000194.3(HPRT1):c.529G>T (p.Asp177Tyr),1
NM_206933.4(USH2A):c.1256G>T (p.Cys419Phe),1
NM_000277.3(PAH):c.611A>G (p.Tyr204Cys),1
NM_000529.2(MC2R):c.319G>A (p.Asp107Asn),1
NM_000124.4(ERCC6):c.1357C>T (p.Arg453Ter),1
NM_001032221.6(STXBP1):c.1162C>T (p.Arg388Ter),1
NM_000503.6(EYA1):c.639+1G>A,1
NM_001127222.2(CACNA1A):c.1745G>A (p.Arg582Gln),1
NM_014365.3(HSPB8):c.421A>G (p.Lys141Glu),1
NM_001371279.1(REEP1):c.183-2A>G,1
NM_130837.3(OPA1):c.1064G>A (p.Gly355Glu),1
NM_005097.4(LGI1):c.953T>G (p.Phe318Cys),1
NM_000304.4(PMP22):c.236C>G (p.Ser79Cys),1
NM_000132.4(F8):c.5220-2A>G,1
NM_002637.4(PHKA1):c.667G>A (p.Gly223Arg),1
NM_000277.3(PAH):c.1162G>A (p.Val388Met),1
NM_012179.4(FBXO7):c.1492C>T (p.Arg498Ter),1
NM_004273.5(CHST3):c.920T>C (p.Leu307Pro),1
NM_033028.5(BBS4):c.157-2A>G,1
NM_000492.4(CFTR):c.1364C>A (p.Ala455Glu),1
NM_001042432.2(CLN3):c.597C>A (p.Tyr199Ter),1
NM_000352.6(ABCC8):c.1144G>A (p.Glu382Lys),1
NM_000404.4(GLB1):c.367G>A (p.Gly123Arg),1
NM_003722.5(TP63):c.1646T>C (p.Ile549Thr),1
NM_000388.4(CASR):c.428G>A (p.Gly143Glu),1
NM_001126108.2(SLC12A3):c.1868T>C (p.Leu623Pro),1
NM_000102.4(CYP17A1):c.81C>A (p.Tyr27Ter),1
NM_020779.4(WDR35):c.25-2A>G,1
NM_014112.5(TRPS1):c.1870C>T (p.Arg624Ter),1
NM_000132.4(F8):c.6545G>A (p.Arg2182His),1
NM_001034853.2(RPGR):c.703C>T (p.Pro235Ser),1
NM_006261.5(PROP1):c.295C>T (p.Arg99Ter),1
NM_001876.4(CPT1A):c.2129G>A (p.Gly710Glu),1
NM_000325.6(PITX2):c.409C>T (p.Arg137Trp),1
NM_003816.3(ADAM9):c.411-8A>G,1
NM_000020.3(ACVRL1):c.1127T>G (p.Met376Arg),1
NM_054027.6(ANKH):c.1172T>C (p.Leu391Pro),1
NM_002905.5(RDH5):c.880G>C (p.Ala294Pro),1
NM_000369.5(TSHR):c.2015G>A (p.Cys672Tyr),1
NM_153212.3(GJB4):c.566T>A (p.Phe189Tyr),1
NM_022081.6(HPS4):c.664G>T (p.Glu222Ter),1
NM_001127198.5(TMC6):c.744C>A (p.Tyr248Ter),1
NM_000214.3(JAG1):c.110T>C (p.Leu37Ser),1
NM_016103.4(SAR1B):c.109G>A (p.Gly37Arg),1
NM_020366.4(RPGRIP1):c.194G>A (p.Trp65Ter),1
NM_001005361.3(DNM2):c.1856C>T (p.Ser619Leu),1
NM_000097.7(CPOX):c.883C>G (p.His295Asp),1
NM_001378743.1(CYLD):c.2469+1G>A,1
NM_014795.4(ZEB2):c.3356A>G (p.Gln1119Arg),1
NM_004329.3(BMPR1A):c.1127G>A (p.Cys376Tyr),1
NM_005189.3(CBX2):c.1328G>C (p.Arg443Pro),1
NM_000552.5(VWF):c.3814T>C (p.Cys1272Arg),1
NM_001191061.2(SLC25A22):c.706G>T (p.Gly236Trp),1
NM_000325.6(PITX2):c.365G>A (p.Arg122His),1
NM_001278.5(CHUK):c.1264C>T (p.Gln422Ter),1
NM_024079.5(ALG8):c.96-2A>G,1
NM_000497.4(CYP11B1):c.1103C>A (p.Ala368Asp),1
NM_000132.4(F8):c.6865C>T (p.Gln2289Ter),1
NM_000901.5(NR3C2):c.2327A>G (p.Gln776Arg),1
NM_139279.6(MCFD2):c.241G>T (p.Asp81Tyr),1
NM_000197.2(HSD17B3):c.803G>A (p.Cys268Tyr),1
NM_000190.4(HMBS):c.445C>T (p.Arg149Ter),1
NM_138711.6(PPARG):c.851A>C (p.Gln284Pro),1
NM_002495.4(NDUFS4):c.44G>A (p.Trp15Ter),1
NM_000223.4(KRT12):c.419T>G (p.Leu140Arg),1
NM_001127222.2(CACNA1A):c.860G>A (p.Cys287Tyr),1
NM_000388.4(CASR):c.2180T>A (p.Leu727Gln),1
NM_000901.5(NR3C2):c.1935C>A (p.Cys645Ter),1
NM_033087.4(ALG2):c.393G>T (p.Lys131Asn),1
NM_000216.4(ANOS1):c.1062+1G>T,1
NM_173076.3(ABCA12):c.4142G>A (p.Gly1381Glu),1
NM_017433.5(MYO3A):c.1777-12G>A,1
NM_000334.4(SCN4A):c.4298T>G (p.Leu1433Arg),1
NM_004750.5(CRLF1):c.1102A>T (p.Lys368Ter),1
NM_012062.5(DNM1L):c.1184C>A (p.Ala395Asp),1
NR_001566.3(TERC):n.204C>G,1
NM_000132.4(F8):c.1754T>C (p.Ile585Thr),1
NM_000383.4(AIRE):c.1A>T (p.Met1Leu),1
NM_000101.4(CYBA):c.7C>T (p.Gln3Ter),1
NM_018129.4(PNPO):c.364-1G>A,1
NM_022081.6(HPS4):c.541C>T (p.Gln181Ter),1
NM_006204.4(PDE6C):c.1483-2A>G,1
NM_000441.2(SLC26A4):c.919-2A>G,1
NM_148923.4(CYB5A):c.130-2A>G,1
NM_020632.3(ATP6V0A4):c.418-1G>A,1
NM_001893.6(CSNK1D):c.130A>G (p.Thr44Ala),1
NM_001876.4(CPT1A):c.298C>T (p.Gln100Ter),1
NM_000334.4(SCN4A):c.4343G>A (p.Arg1448His),1
NM_153717.3(EVC):c.1018C>T (p.Arg340Ter),1
NM_000303.3(PMM2):c.256-1G>C,1
NM_001127222.2(CACNA1A):c.4363G>T (p.Val1455Leu),1
NM_013382.7(POMT2):c.737G>A (p.Gly246Asp),1
NC_012920.1(MT-ND3):m.10191T>C,1
NM_001201543.2(FAM161A):c.1567C>T (p.Arg523Ter),1
NM_007315.4(STAT1):c.2117T>C (p.Leu706Ser),1
NM_000237.3(LPL):c.306A>C (p.Arg102Ser),1
NM_000095.3(COMP):c.1024G>T (p.Asp342Tyr),1
NM_000492.4(CFTR):c.3194T>C (p.Leu1065Pro),1
NM_000285.4(PEPD):c.551G>A (p.Arg184Gln),1
NM_177924.5(ASAH1):c.665C>A (p.Thr222Lys),1
NM_033337.3(CAV3):c.40G>C (p.Val14Leu),1
NM_021922.3(FANCE):c.355C>T (p.Gln119Ter),1
NM_012448.4(STAT5B):c.1888G>C (p.Ala630Pro),1
NM_003140.3(SRY):c.337G>A (p.Ala113Thr),1
NM_015713.5(RRM2B):c.322-2A>G,1
NM_003907.3(EIF2B5):c.338G>A (p.Arg113His),1
NM_004070.4(CLCNKA):c.240G>C (p.Trp80Cys),1
NM_000375.3(UROS):c.-26-197C>A,1
NM_014251.3(SLC25A13):c.1311+1G>A,1
NM_017449.5(EPHB2):c.2164C>T (p.Gln722Ter),1
NM_001077365.2(POMT1):c.193G>A (p.Gly65Arg),1
NM_001204.7(BMPR2):c.994C>T (p.Arg332Ter),1
NM_032273.4(TMEM126A):c.163C>T (p.Arg55Ter),1
NM_000433.4(NCF2):c.366+1G>A,1
NM_032382.5(COG8):c.1611C>G (p.Tyr537Ter),1
NM_015915.5(ATL1):c.776C>A (p.Ser259Tyr),1
NM_000268.4(NF2):c.1079T>C (p.Leu360Pro),1
NM_003179.3(SYP):c.649G>C (p.Gly217Arg),1
NM_025237.3(SOST):c.372G>A (p.Trp124Ter),1
NC_000008.11:g.22130707A>G,1
NM_000503.6(EYA1):c.966+5G>A,1
NM_177438.3(DICER1):c.1630C>T (p.Arg544Ter),1
NM_080669.6(SLC46A1):c.337C>T (p.Arg113Cys),1
NM_012179.4(FBXO7):c.1144+1G>T,1
NM_001164277.2(SLC37A4):c.83G>A (p.Arg28His),1
NM_153704.6(TMEM67):c.622A>T (p.Arg208Ter),1
NM_006946.4(SPTBN2):c.758T>C (p.Leu253Pro),1
NM_001282534.2(KCNK9):c.706G>A (p.Gly236Arg),1
NM_001102416.3(KNG1):c.586C>T (p.Arg196Ter),1
NM_001193315.2(VIPAS39):c.535C>T (p.Gln179Ter),1
NM_000891.3(KCNJ2):c.899G>T (p.Gly300Val),1
NM_000132.4(F8):c.1729T>C (p.Ser577Pro),1
NM_000358.3(TGFBI):c.371G>A (p.Arg124His),1
NM_000435.3(NOTCH3):c.2411-1G>T,1
NM_000277.3(PAH):c.782G>A (p.Arg261Gln),1
NM_138691.3(TMC1):c.16+1G>T,1
NM_001429.4(EP300):c.1942C>T (p.Arg648Ter),1
NC_012920.1(MT-ND3):m.10197G>A,1
NM_001042492.3(NF1):c.3721C>T (p.Arg1241Ter),1
NM_001089.3(ABCA3):c.4772A>C (p.Gln1591Pro),1
NM_000132.4(F8):c.6683G>T (p.Arg2228Leu),1
NM_013319.3(UBIAD1):c.524C>T (p.Thr175Ile),1
NM_017791.3(FLVCR2):c.839C>G (p.Pro280Arg),1
NM_003722.5(TP63):c.1738T>C (p.Ser580Pro),1
NM_006941.4(SOX10):c.565G>T (p.Glu189Ter),1
NM_133433.4(NIPBL):c.7289A>G (p.Tyr2430Cys),1
NM_024006.6(VKORC1):c.85G>T (p.Val29Leu),1
NM_006005.3(WFS1):c.676C>T (p.Gln226Ter),1
NM_004698.4(PRPF3):c.1481C>T (p.Thr494Met),1
NM_005591.4(MRE11):c.1897C>T (p.Arg633Ter),1
NM_024420.3(PLA2G4A):c.1454G>A (p.Arg485His),1
NM_058172.6(ANTXR2):c.314G>A (p.Gly105Asp),1
NM_002335.4(LRP5):c.2254C>G (p.Arg752Gly),1
NM_000348.4(SRD5A2):c.736C>T (p.Arg246Trp),1
NM_000152.5(GAA):c.1561G>A (p.Glu521Lys),1
NM_000132.4(F8):c.5953C>T (p.Arg1985Ter),1
NM_000368.5(TSC1):c.539T>C (p.Leu180Pro),1
NM_000132.4(F8):c.5096A>T (p.Tyr1699Phe),1
NM_000557.5(GDF5):c.1133G>A (p.Arg378Gln),1
NM_000232.5(SGCB):c.272G>C (p.Arg91Pro),1
NM_003664.5(AP3B1):c.904A>T (p.Arg302Ter),1
NM_000527.5(LDLR):c.1285G>A (p.Val429Met),1
NM_001032221.6(STXBP1):c.1328T>G (p.Met443Arg),1
NM_005450.6(NOG):c.611G>T (p.Arg204Leu),1
NM_000274.4(OAT):c.734A>G (p.Tyr245Cys),1
NM_000451.4(SHOX):c.394C>G (p.Leu132Val),1
NM_000059.4(BRCA2):c.4648G>T (p.Glu1550Ter),1
NM_000375.3(UROS):c.158C>T (p.Pro53Leu),1
NM_017780.4(CHD7):c.2501C>T (p.Ser834Phe),1
NM_001453.3(FOXC1):c.358C>T (p.Gln120Ter),1
NM_001171.6(ABCC6):c.2787+1G>T,1
NM_001024630.4(RUNX2):c.674G>A (p.Arg225Gln),1
NM_000023.4(SGCA):c.410A>G (p.Glu137Gly),1
NM_000557.5(GDF5):c.517A>G (p.Met173Val),1
NM_000132.4(F8):c.5479A>T (p.Lys1827Ter),1
NM_000405.5(GM2A):c.160G>T (p.Glu54Ter),1
NM_002181.4(IHH):c.389C>A (p.Thr130Asn),1
NM_001008212.2(OPTN):c.102G>A (p.Thr34=),0
NM_007294.4(BRCA1):c.370A>G (p.Ile124Val),0
NC_012920.1(MT-TL2):m.12297T>C,0
NM_000155.4(GALT):c.184C>A (p.Leu62Met),0
NM_201384.3(PLEC):c.4413T>C (p.Ala1471=),0
NM_005259.3(MSTN):c.163G>A (p.Ala55Thr),0
NM_000145.4(FSHR):c.2039G>A (p.Ser680Asn),0
NM_001429.4(EP300):c.3183T>A (p.Thr1061=),0
NM_004586.3(RPS6KA3):c.113T>G (p.Ile38Ser),0
NM_015046.7(SETX):c.1077T>C (p.Tyr359=),0
NM_030662.4(MAP2K2):c.*24C>T,0
NM_178335.3(CCDC50):c.50-4C>G,0
NM_004004.6(GJB2):c.79G>A (p.Val27Ile),0
NM_006757.4(TNNT3):c.18-76A>G,0
NM_000466.3(PEX1):c.358-15G>A,0
NM_000053.4(ATP7B):c.1707+9T>C,0
NM_201384.3(PLEC):c.2178+9C>G,0
NM_019109.5(ALG1):c.840G>C (p.Leu280=),0
NM_005709.4(USH1C):c.1243G>A (p.Ala415Thr),0
NM_030662.4(MAP2K2):c.823C>T (p.Leu275=),0
NM_001018005.2(TPM1):c.563+313A>G,0
NM_022124.6(CDH23):c.4299T>A (p.Pro1433=),0
NM_031885.5(BBS2):c.612+12C>A,0
NM_007129.5(ZIC2):c.1059C>T (p.His353=),0
NM_004369.4(COL6A3):c.6972C>T (p.Asn2324=),0
NM_004473.4(FOXE1):c.825C>T (p.Ser275=),0
NM_001165963.4(SCN1A):c.2292T>C (p.Val764=),0
NM_182760.4(SUMF1):c.1116T>C (p.Thr372=),0
NM_201384.3(PLEC):c.5907T>C (p.Ala1969=),0
NM_002834.5(PTPN11):c.925A>G (p.Ile309Val),0
NM_000381.4(MID1):c.1230C>T (p.Ser410=),0
NM_000535.7(PMS2):c.59G>A (p.Arg20Gln),0
NM_030662.4(MAP2K2):c.498C>T (p.Pro166=),0
NM_176817.5(TAS2R38):c.785= (p.Ala262=),0
NM_000251.3(MSH2):c.339G>A (p.Lys113=),0
NM_004320.6(ATP2A1):c.*64G>A,0
NM_016599.5(MYOZ2):c.750C>T (p.Thr250=),0
NM_199161.5(SAA1):c.269G>A (p.Gly90Asp),0
NM_000559.3(HBG1):c.410C>G (p.Ala137Gly),0
NM_004369.4(COL6A3):c.6930+28C>T,0
NM_001330078.2(NRXN1):c.511C>T (p.Leu171=),0
NM_001032283.3(TMPO):c.991-4T>C,0
NM_006005.3(WFS1):c.1023C>T (p.Phe341=),0
NM_001927.4(DES):c.93T>C (p.Ser31=),0
NM_000038.6(APC):c.1635G>A (p.Ala545=),0
NM_000249.4(MLH1):c.790+10A>G,0
NM_004006.3(DMD):c.31+37111T>G,0
NM_000451.4(SHOX):c.277+17T>G,0
NM_004415.4(DSP):c.1702-18C>T,0
NM_000059.4(BRCA2):c.10045A>G (p.Thr3349Ala),0
NM_206933.4(USH2A):c.12608A>G (p.Gln4203Arg),0
NM_000535.7(PMS2):c.2006+6G>A,0
NM_007294.4(BRCA1):c.427G>A (p.Glu143Lys),0
NM_002834.5(PTPN11):c.854-32A>C,0
NM_004369.4(COL6A3):c.7842C>T (p.Ser2614=),0
NM_007078.3(LDB3):c.1506G>A (p.Pro502=),0
NM_007294.4(BRCA1):c.5158A>G (p.Thr1720Ala),0
NM_000540.3(RYR1):c.7977G>A (p.Thr2659=),0
NM_004333.6(BRAF):c.753T>C (p.Cys251=),0
NM_001848.3(COL6A1):c.1335+27A>C,0
NM_207346.3(TSEN54):c.1166A>C (p.Gln389Pro),0
NM_000350.3(ABCA4):c.6006-16G>A,0
NM_006363.6(SEC23B):c.1233+9A>G,0
NM_001378615.1(CC2D2A):c.2182-24C>T,0
NM_001079802.2(FKTN):c.106-10G>A,0
NM_015102.5(NPHP4):c.1441+13A>G,0
NM_152564.5(VPS13B):c.3667-7C>T,0
NM_000106.6(CYP2D6):c.886C>T (p.Arg296Cys),0
NM_000179.3(MSH6):c.3438+14A>T,0
NM_000368.5(TSC1):c.1726T>C (p.Leu576=),0
NM_000834.5(GRIN2B):c.4197T>C (p.His1399=),0
NM_006121.4(KRT1):c.1389C>T (p.Arg463=),0
NM_000348.4(SRD5A2):c.265C>G (p.Leu89Val),0
NM_000260.4(MYO7A):c.5715A>G (p.Lys1905=),0
NM_007294.4(BRCA1):c.2155A>G (p.Lys719Glu),0
NM_198525.3(KIF7):c.2873G>T (p.Ser958Ile),0
NM_000503.6(EYA1):c.1278C>T (p.Gly426=),0
NC_000008.11:g.31640334C>T,0
NM_002880.4(RAF1):c.1914G>A (p.Thr638=),0
NM_001849.4(COL6A2):c.2423-35C>A,0
NM_152594.3(SPRED1):c.208-18G>A,0
NM_201384.3(PLEC):c.5928G>A (p.Ala1976=),0
NM_014795.4(ZEB2):c.3471C>T (p.Asp1157=),0
NM_007294.4(BRCA1):c.81-14C>T,0
NM_000059.4(BRCA2):c.7242A>G (p.Ser2414=),0
NM_007294.4(BRCA1):c.716A>G (p.His239Arg),0
NM_000018.4(ACADVL):c.194C>T (p.Pro65Leu),0
NM_018136.5(ASPM):c.1288A>G (p.Arg430Gly),0
NM_001035.3(RYR2):c.1611G>A (p.Leu537=),0
NM_000218.3(KCNQ1):c.1927G>A (p.Gly643Ser),0
NM_000059.4(BRCA2):c.440A>G (p.Gln147Arg),0
NM_213599.3(ANO5):c.2521-13A>G,0
NM_002276.5(KRT19):c.90C>T (p.Ala30=),0
NM_012463.4(ATP6V0A2):c.1515T>C (p.Asn505=),0
NM_000540.3(RYR1):c.4178A>G (p.Lys1393Arg),0
NM_002471.4(MYH6):c.1335C>T (p.Asn445=),0
NM_001848.3(COL6A1):c.903+14C>A,0
NM_000271.5(NPC1):c.644A>G (p.His215Arg),0
NM_000518.4(HBB):c.308A>C (p.Asn103Thr),0
NM_003059.3(SLC22A4):c.1507C>T (p.Leu503Phe),0
NM_022124.6(CDH23):c.8907C>T (p.Arg2969=),0
NM_000243.3(MEFV):c.1530T>C (p.Asp510=),0
NM_000059.4(BRCA2):c.7307A>T (p.Asn2436Ile),0
NM_001848.3(COL6A1):c.428+14A>G,0
NM_014384.3(ACAD8):c.20G>C (p.Arg7Pro),0
NM_000350.3(ABCA4):c.302+26A>G,0
NM_030665.4(RAI1):c.4311T>C (p.Pro1437=),0
NM_032119.4(ADGRV1):c.8538T>G (p.Leu2846=),0
NM_000059.4(BRCA2):c.1123C>T (p.Pro375Ser),0
NM_033360.4(KRAS):c.290+97A>T,0
NM_001384474.1(LOXHD1):c.3463A>G (p.Arg1155Gly),0
NM_024915.4(GRHL2):c.1243G>A (p.Val415Ile),0
NM_194248.3(OTOF):c.5097C>T (p.Ile1699=),0
NM_000059.4(BRCA2):c.1804G>A (p.Gly602Arg),0
NM_000255.4(MMUT):c.636G>A (p.Lys212=),0
NM_001848.3(COL6A1):c.2669C>T (p.Ser890Leu),0
NM_022464.5(SIL1):c.153A>G (p.Thr51=),0
NM_000179.3(MSH6):c.3306T>A (p.Thr1102=),0
NM_000628.5(IL10RB):c.139A>G (p.Lys47Glu),0
NM_207172.2(NPSR1):c.320A>T (p.Asn107Ile),0
NM_030662.4(MAP2K2):c.1020C>T (p.Pro340=),0
NM_002392.6(MDM2):c.14+309T>G,0
NM_001034853.2(RPGR):c.1507-97T>C,0
NM_000834.5(GRIN2B):c.2664C>T (p.Thr888=),0
NM_001318777.2(TIRAP):c.539C>T (p.Ser180Leu),0
NM_032578.4(MYPN):c.1178T>C (p.Val393Ala),0
NM_001145308.5(LRTOMT):c.623G>A (p.Arg208Gln),0
NM_001267550.2(TTN):c.28662G>A (p.Arg9554=),0
NC_000003.12:g.124055231T>G,0
NM_002471.4(MYH6):c.4960-17A>T,0
NM_000548.5(TSC2):c.4850-109T>C,0
NM_130837.3(OPA1):c.629C>T (p.Ala210Val),0
NM_181332.3(NLGN4X):c.2271G>A (p.Pro757=),0
NM_005214.5(CTLA4):c.49A>G (p.Thr17Ala),0
NM_001174096.2(ZEB1):c.233A>C (p.Asn78Thr),0
NM_000307.5(POU3F4):c.708= (p.Glu236=),0
NM_000420.3(KEL):c.578C>T (p.Thr193Met),0
NM_000249.4(MLH1):c.588+11G>C,0
NM_133261.3(GIPC3):c.276G>A (p.Leu92=),0
NM_000249.3(MLH1):c.-4864C>A,0
NM_005104.4(BRD2):c.1330-4G>C,0
NM_000424.4(KRT5):c.1065A>C (p.Thr355=),0
NM_000051.4(ATM):c.146C>G (p.Ser49Cys),0
NM_002055.5(GFAP):c.1128-151C>T,0
NM_002435.3(MPI):c.1131A>G (p.Val377=),0
NM_000484.4(APP):c.2017G>A (p.Ala673Thr),0
NM_000388.4(CASR):c.492+19G>A,0
NM_000249.4(MLH1):c.1959G>T (p.Leu653=),0
NM_030662.4(MAP2K2):c.453C>T (p.Asp151=),0
NM_004006.3(DMD):c.7310-29C>G,0
NM_003283.6(TNNT1):c.792-278C>A,0
NM_001130987.2(DYSF):c.5885-16T>C,0
NM_024529.5(CDC73):c.1418-17C>G,0
NM_000110.4(DPYD):c.1974+75A>G,0
NM_001848.3(COL6A1):c.859-19A>G,0
NM_000249.4(MLH1):c.1558+14G>A,0
NM_001083603.1(PTCH1):c.163G>C (p.Asp55His),0
NM_018139.3(DNAAF2):c.1482A>G (p.Thr494=),0
NM_001289.6(CLIC2):c.*19=,0
NM_206933.4(USH2A):c.14226G>A (p.Thr4742=),0
NM_000245.4(MET):c.1944A>G (p.Gln648=),0
NM_001007139.6(IGF2):c.-248-73=,0
NM_000525.4(KCNJ11):c.158G>A (p.Gly53Asp),0
NM_000512.5(GALNS):c.1177G>T (p.Ala393Ser),0
NM_000548.5(TSC2):c.1717-55T>C,0
NM_001267550.2(TTN):c.58933C>T (p.Leu19645=),0
NM_015910.7(WDPCP):c.1915+13G>A,0
NM_032977.4(CASP10):c.1228G>A (p.Val410Ile),0
NM_004333.6(BRAF):c.1068A>G (p.Gln356=),0
NM_022124.6(CDH23):c.2424G>A (p.Gly808=),0
NM_003482.4(KMT2D):c.12028T>C (p.Ser4010Pro),0
NM_000059.4(BRCA2):c.9649-19G>A,0
NM_000138.5(FBN1):c.7819+8A>C,0
NM_001105206.3(LAMA4):c.4287+15C>T,0
NM_194248.3(OTOF):c.5391C>T (p.Phe1797=),0
NC_012920.1(MT-ATP8):m.8393C>T,0
NM_201384.3(PLEC):c.5865G>A (p.Ala1955=),0
NM_000277.3(PAH):c.441+47C>T,0
NM_005633.4(SOS1):c.2064-44T>C,0
NM_000059.4(BRCA2):c.7534C>T (p.Leu2512Phe),0
NM_000059.4(BRCA2):c.4187A>G (p.Gln1396Arg),0
NM_000152.5(GAA):c.2331+20G>A,0
NM_007294.4(BRCA1):c.1834A>G (p.Arg612Gly),0
NM_007294.4(BRCA1):c.3739G>A (p.Val1247Ile),0
NM_000432.4(MYL2):c.132T>C (p.Ile44=),0
NM_133497.4(KCNV2):c.795C>G (p.Ala265=),0
NM_024009.3(GJB3):c.357C>T (p.Asn119=),0
NM_005633.4(SOS1):c.1770G>A (p.Glu590=),0
NM_000059.4(BRCA2):c.8830A>T (p.Ile2944Phe),0
NM_002282.3(KRT83):c.558C>T (p.Asn186=),0
NM_000531.6(OTC):c.137A>G (p.Lys46Arg),0
NM_000350.3(ABCA4):c.3329-34A>G,0
NM_000038.6(APC):c.705A>G (p.Leu235=),0
NM_000059.4(BRCA2):c.8332-66T>C,0
NM_005343.4(HRAS):c.257A>C (p.Asn86Thr),0
NM_002055.5(GFAP):c.141G>A (p.Pro47=),0
NM_000249.4(MLH1):c.1410-54C>T,0
NM_000426.4(LAMA2):c.381C>A (p.Thr127=),0
NM_000218.3(KCNQ1):c.478-8C>T,0
NM_003376.6(VEGFA):c.-94C>G,0
NM_001008216.2(GALE):c.873+20C>T,0
NM_020779.4(WDR35):c.2566G>T (p.Val856Phe),0
NM_007294.4(BRCA1):c.2773A>C (p.Ile925Leu),0
NM_001267550.2(TTN):c.10256G>A (p.Ser3419Asn),0
NM_017777.4(MKS1):c.858+9A>G,0
NM_000512.5(GALNS):c.634-19G>A,0
NM_004260.4(RECQL4):c.3393+8C>T,0
NM_022124.6(CDH23):c.67+12C>T,0
NM_005343.4(HRAS):c.111+50C>G,0
NM_000511.6(FUT2):c.418A>T (p.Ile140Phe),0
NM_030662.4(MAP2K2):c.706-72C>T,0
NM_001105206.3(LAMA4):c.196-12T>C,0
NM_000424.4(KRT5):c.1627G>A (p.Gly543Ser),0
NM_001145809.2(MYH14):c.1890C>T (p.Val630=),0
NM_032578.4(MYPN):c.843A>G (p.Pro281=),0
NM_002473.6(MYH9):c.1728+10G>A,0
NM_002755.4(MAP2K1):c.1023-8C>T,0
NM_002206.3(ITGA7):c.415-10C>T,0
NM_000487.6(ARSA):c.1210+20C>G,0
NM_206933.4(USH2A):c.9959-11T>G,0
NM_001374353.1(GLI2):c.3888A>G (p.Pro1296=),0
NM_000719.7(CACNA1C):c.522G>A (p.Ala174=),0
NM_201384.3(PLEC):c.13402G>A (p.Ala4468Thr),0
NM_000059.4(BRCA2):c.4779A>C (p.Glu1593Asp),0
NM_000277.3(PAH):c.1278T>C (p.Asn426=),0
NM_138711.6(PPARG):c.28C>G (p.Pro10Ala),0
NM_001399.5(EDA):c.742-11C>T,0
NM_000535.7(PMS2):c.2570G>C (p.Gly857Ala),0
NM_004260.4(RECQL4):c.2636C>A (p.Pro879His),0
NM_000373.4(UMPS):c.1050T>A (p.Val350=),0
NM_001130987.2(DYSF):c.3119G>A (p.Arg1040Gln),0
NM_001142459.2(ASB10):c.714G>A (p.Gly238=),0
NM_170784.3(MKKS):c.117C>T (p.Pro39=),0
NM_032119.4(ADGRV1):c.7206G>A (p.Glu2402=),0
NM_001080476.3(GRXCR1):c.627+8A>C,0
NM_000203.5(IDUA):c.590-8C>T,0
NM_000350.3(ABCA4):c.6285T>C (p.Asp2095=),0
NM_003482.4(KMT2D):c.8046+11A>G,0
NM_000612.6(IGF2):c.*1958=,0
NM_001360.3(DHCR7):c.189G>A (p.Gln63=),0
NM_000231.3(SGCG):c.347G>A (p.Arg116His),0
NM_001849.4(COL6A2):c.1116+32G>A,0
NM_001267550.2(TTN):c.10850C>T (p.Ser3617Phe),0
NM_000330.4(RS1):c.184+3199G>A,0
NM_000257.4(MYH7):c.1062C>T (p.Gly354=),0
NM_000059.4(BRCA2):c.1114A>C (p.Asn372His),0
NM_007294.4(BRCA1):c.81-65G>C,0
NM_000548.5(TSC2):c.*26G>A,0
NM_003482.4(KMT2D):c.2826C>T (p.Ile942=),0
NM_007294.4(BRCA1):c.4956G>A (p.Met1652Ile),0
NM_183050.4(BCKDHB):c.197-30A>C,0
NM_000686.5(AGTR2):c.743G>A (p.Arg248Lys),0
NM_000018.4(ACADVL):c.49C>T (p.Leu17Phe),0
NM_000059.4(BRCA2):c.8851G>A (p.Ala2951Thr),0
NM_000218.3(KCNQ1):c.1514+18C>T,0
NM_033118.4(MYLK2):c.918C>T (p.Ala306=),0
NM_001267550.2(TTN):c.88272G>A (p.Glu29424=),0
NM_000548.5(TSC2):c.3884-56C>G,0
NM_194248.3(OTOF):c.2215-83C>T,0
NM_004183.4(BEST1):c.696C>A (p.Ile232=),0
NM_012210.4(TRIM32):c.1254G>A (p.Val418=),0
NM_001367721.1(CASK):c.2521-2A>T,0
NM_198904.4(GABRG2):c.588C>T (p.Asn196=),0
NM_002471.4(MYH6):c.166G>A (p.Gly56Arg),0
NM_000477.7(ALB):c.1789A>G (p.Lys597Glu),0
NM_001039141.3(TRIOBP):c.4178C>T (p.Pro1393Leu),0
NM_005802.5(TOPORS):c.2991T>C (p.Asp997=),0
NM_000535.7(PMS2):c.288C>A (p.Ala96=),0
NM_000059.4(BRCA2):c.5312G>A (p.Gly1771Asp),0
NM_002055.5(GFAP):c.469G>A (p.Asp157Asn),0
NM_000051.4(ATM):c.1066-6T>G,0
NM_002473.6(MYH9):c.4876A>G (p.Ile1626Val),0
NM_001289808.2(CRYAB):c.165G>A (p.Leu55=),0
NM_144670.6(A2ML1):c.1109T>C (p.Phe370Ser),0
NM_024596.5(MCPH1):c.940G>C (p.Asp314His),0
NM_005573.4(LMNB1):c.1502C>T (p.Ala501Val),0
NM_000545.8(HNF1A):c.1502-7C>T,0
NM_001848.3(COL6A1):c.2796C>T (p.Ser932=),0
NM_033056.4(PCDH15):c.4884T>C (p.Thr1628=),0
NM_031220.4(PITPNM3):c.901-10G>C,0
NM_003482.4(KMT2D):c.7479G>T (p.Gly2493=),0
NM_001032283.3(TMPO):c.565+1665A>G,0
NM_000548.5(TSC2):c.5248C>T (p.Leu1750Phe),0
NM_004369.4(COL6A3):c.9206C>T (p.Thr3069Ile),0
NM_006255.5(PRKCH):c.1120G>A (p.Val374Ile),0
NM_000314.8(PTEN):c.1026+32T>G,0
NM_001848.3(COL6A1):c.-5C>G,0
NM_000251.3(MSH2):c.1277-212T>A,0
NM_001401501.2(MUC16):c.12074C>T (p.Ser4025Phe),0
NM_000287.4(PEX6):c.2814G>A (p.Glu938=),0
NM_000512.5(GALNS):c.846C>T (p.Phe282=),0
NM_001395413.1(POR):c.6A>G (p.Gly2=),0
NM_153676.4(USH1C):c.496+21G>T,0
NM_014141.6(CNTNAP2):c.1659G>A (p.Ala553=),0
NM_007294.4(BRCA1):c.1703C>T (p.Pro568Leu),0
NM_001848.3(COL6A1):c.347G>A (p.Ser116Asn),0
NM_002880.4(RAF1):c.1629G>C (p.Thr543=),0
NM_000059.4(BRCA2):c.1964C>G (p.Pro655Arg),0
NM_001267550.2(TTN):c.12235A>G (p.Ile4079Val),0
NM_000211.5(ITGB2):c.500-11G>T,0
NM_015046.7(SETX):c.3576T>G (p.Asp1192Glu),0
NM_001145809.2(MYH14):c.1755C>T (p.Gly585=),0
NM_000372.4(TYR):c.-199C>A,0
NM_021098.3(CACNA1H):c.2362C>T (p.Arg788Cys),0
NM_001622.4(AHSG):c.767G>C (p.Ser256Thr),0
NM_005633.4(SOS1):c.721-115T>C,0
NM_000255.4(MMUT):c.2011A>G (p.Ile671Val),0
NM_018249.6(CDK5RAP2):c.3065G>A (p.Gly1022Glu),0
NM_012463.4(ATP6V0A2):c.426T>C (p.Asn142=),0
NM_002693.3(POLG):c.1636C>T (p.Arg546Cys),0
NM_005633.4(SOS1):c.749T>C (p.Val250Ala),0
NM_080680.3(COL11A2):c.1179+10G>A,0
NM_194318.4(B3GLCT):c.348T>C (p.His116=),0
NC_012920.1(MT-CYB):m.14831G>A,0
NM_001034116.2(EIF2B4):c.76-7G>A,0
NM_000203.5(IDUA):c.314G>A (p.Arg105Gln),0
NM_001111125.3(IQSEC2):c.477G>A (p.Leu159=),0
NM_018055.5(NODAL):c.494A>G (p.His165Arg),0
NM_004999.4(MYO6):c.2658+20A>C,0
NM_206933.4(USH2A):c.12445T>C (p.Trp4149Arg),0
NM_001849.4(COL6A2):c.2097C>T (p.Gly699=),0
NM_001018005.2(TPM1):c.453C>A (p.Ala151=),0
NM_000059.4(BRCA2):c.-11C>T,0
NM_000059.4(BRCA2):c.2919G>A (p.Ser973=),0
NM_004463.3(FGD1):c.-4G>C,0
NM_000249.4(MLH1):c.1799A>G (p.Glu600Gly),0
NM_000059.4(BRCA2):c.1810A>G (p.Lys604Glu),0
NM_000426.4(LAMA2):c.1856G>A (p.Arg619His),0
NM_000155.4(GALT):c.378-27G>C,0
NM_000350.3(ABCA4):c.2654-48G>C,0
NM_152594.3(SPRED1):c.424-8C>A,0
NM_006348.5(COG5):c.895T>C (p.Phe299Leu),0
NM_001849.4(COL6A2):c.2886C>T (p.His962=),0
NM_007294.4(BRCA1):c.81-13C>G,0
NM_007294.4(BRCA1):c.4402A>C (p.Asn1468His),0
NM_000419.5(ITGA2B):c.2621T>G (p.Ile874Ser),0
NM_001848.3(COL6A1):c.1095T>C (p.Gly365=),0
NM_000059.4(BRCA2):c.8525G>A (p.Arg2842His),0
NM_005458.8(GABBR2):c.360A>G (p.Ala120=),0
NM_000152.5(GAA):c.1203G>A (p.Gln401=),0
NM_000489.6(ATRX):c.288A>G (p.Lys96=),0
NM_018136.5(ASPM):c.7605G>A (p.Val2535=),0
NM_000193.4(SHH):c.1005G>A (p.Val335=),0
NM_000237.3(LPL):c.1421C>G (p.Ser474Ter),0
NM_006269.2(RP1):c.2255C>T (p.Thr752Met),0
NM_000548.5(TSC2):c.1600-39C>T,0
NM_000203.5(IDUA):c.942G>C (p.Ala314=),0
NM_004369.4(COL6A3):c.4311T>C (p.Ile1437=),0
NM_000527.5(LDLR):c.1061-8T>C,0
NM_206933.4(USH2A):c.7584C>T (p.Thr2528=),0
NM_006269.2(RP1):c.5071T>C (p.Ser1691Pro),0
NM_000059.4(BRCA2):c.7469T>C (p.Ile2490Thr),0
NM_138694.4(PKHD1):c.7587G>A (p.Gly2529=),0
NM_000038.6(APC):c.7201C>T (p.Leu2401=),0
NM_004568.6(SERPINB6):c.54G>A (p.Thr18=),0
NM_002734.5(PRKAR1A):c.974-102A>T,0
NM_000038.6(APC):c.5268T>G (p.Ser1756=),0
NM_001848.3(COL6A1):c.2434+15A>G,0
NM_003227.4(TFR2):c.1851C>T (p.Ala617=),0
NM_001195263.2(PDZD7):c.2049G>A (p.Pro683=),0
NM_000373.4(UMPS):c.638G>C (p.Gly213Ala),0
NM_033380.3(COL4A5):c.2107A>G (p.Ile703Val),0
NM_201384.3(PLEC):c.4455T>G (p.Ala1485=),0
NM_000535.7(PMS2):c.1454C>A (p.Thr485Lys),0
NM_000532.5(PCCB):c.654+20T>C,0
NM_000540.3(RYR1):c.2979C>T (p.Asn993=),0
NC_000002.12:g.203874196G>A,0
NM_030665.4(RAI1):c.269G>C (p.Gly90Ala),0
NM_000868.4(HTR2C):c.68= (p.Ser23=),0
NM_024334.3(TMEM43):c.504A>T (p.Lys168Asn),0
NM_000059.4(BRCA2):c.7435+53C>T,0
NM_001110556.2(FLNA):c.6642G>C (p.Val2214=),0
NM_004183.4(BEST1):c.109T>C (p.Leu37=),0
NM_001349206.2(LPIN1):c.192+17C>T,0
NM_001378615.1(CC2D2A):c.124-6C>T,0
NM_025265.4(TSEN2):c.377G>A (p.Arg126His),0
NM_130837.3(OPA1):c.420G>T (p.Val140=),0
NM_000051.4(ATM):c.3118A>G (p.Met1040Val),0
NM_003283.6(TNNT1):c.795G>T (p.Arg265=),0
NM_001110556.2(FLNA):c.869-7C>T,0
NM_024312.5(GNPTAB):c.1932A>G (p.Thr644=),0
NM_012463.4(ATP6V0A2):c.*115C>T,0
NM_001100.4(ACTA1):c.130-10G>C,0
NM_001848.3(COL6A1):c.1675-55C>T,0
NM_020366.4(RPGRIP1):c.287C>A (p.Pro96Gln),0
NM_006493.4(CLN5):c.173+18C>T,0
NM_000287.4(PEX6):c.883-3T>C,0
NM_201253.3(CRB1):c.71-12A>T,0
NM_005633.4(SOS1):c.195A>C (p.Arg65=),0
NM_004369.4(COL6A3):c.6156+4C>T,0
NM_000059.4(BRCA2):c.223G>C (p.Ala75Pro),0
NM_001267550.2(TTN):c.98912G>A (p.Arg32971His),0
NM_004085.4(TIMM8A):c.132+158A>G,0
NM_133642.5(LARGE1):c.576C>T (p.Pro192=),0
NM_001267550.2(TTN):c.12780G>A (p.Ala4260=),0
NM_000138.5(FBN1):c.156G>T (p.Ala52=),0
NM_006017.3(PROM1):c.228G>A (p.Leu76=),0
NM_002473.6(MYH9):c.5781G>T (p.Pro1927=),0
NM_001128178.3(NPHP1):c.654G>A (p.Glu218=),0
NM_001386795.1(DTNA):c.933C>T (p.Ser311=),0
NM_000257.4(MYH7):c.5106G>A (p.Ala1702=),0
NM_001195263.2(PDZD7):c.1447G>A (p.Asp483Asn),0
NM_001278116.2(L1CAM):c.1268-10C>T,0
NM_001130987.2(DYSF):c.4621C>T (p.Leu1541=),0
NM_000373.4(UMPS):c.1274-52G>C,0
NM_000179.2(MSH6):c.-210C>T,0
NM_001142800.2(EYS):c.4256T>C (p.Leu1419Ser),0
NM_000214.3(JAG1):c.2382C>T (p.Ser794=),0
NM_000435.3(NOTCH3):c.3058G>C (p.Ala1020Pro),0
NC_012920.1(MT-ND1):m.4216T>C,0
NM_000260.4(MYO7A):c.4755C>T (p.Ser1585=),0
NM_006208.3(ENPP1):c.*1043A>G,0
NM_019109.5(ALG1):c.1149C>T (p.Phe383=),0
NM_015046.7(SETX):c.3754G>A (p.Gly1252Arg),0
NM_007294.4(BRCA1):c.3327A>C (p.Lys1109Asn),0
NM_005573.4(LMNB1):c.*18C>T,0
NM_001848.3(COL6A1):c.1461+18C>A,0
NM_000277.3(PAH):c.1316-35C>T,0
NM_006516.4(SLC2A1):c.399C>T (p.Cys133=),0
NM_000138.5(FBN1):c.3442C>G (p.Pro1148Ala),0
NM_000059.4(BRCA2):c.4090A>C (p.Ile1364Leu),0
NM_000046.5(ARSB):c.1191G>A (p.Pro397=),0
NM_000137.4(FAH):c.267G>C (p.Leu89=),0
NM_000059.4(BRCA2):c.681+56C>G,0
NM_032119.4(ADGRV1):c.11599G>A (p.Glu3867Lys),0
NM_002471.4(MYH6):c.2946G>A (p.Glu982=),0
NM_001323289.2(CDKL5):c.180G>A (p.Glu60=),0
NM_005633.4(SOS1):c.3771A>G (p.Thr1257=),0
NM_000548.5(TSC2):c.1578C>T (p.Ser526=),0
NM_000321.3(RB1):c.2664-10T>A,0
NM_138694.4(PKHD1):c.733C>T (p.Leu245=),0
NM_004329.3(BMPR1A):c.4C>A (p.Pro2Thr),0
NM_001267550.2(TTN):c.32011+10C>G,0
NM_022124.6(CDH23):c.5023G>A (p.Val1675Ile),0
NM_000059.4(BRCA2):c.6347A>G (p.His2116Arg),0
NM_004369.4(COL6A3):c.7596G>A (p.Lys2532=),0
NM_153676.4(USH1C):c.651A>G (p.Val217=),0
NM_004415.4(DSP):c.2631G>A (p.Arg877=),0
NM_138694.4(PKHD1):c.527+19T>C,0
NM_002076.4(GNS):c.198G>A (p.Pro66=),0
NM_001267550.2(TTN):c.11252G>A (p.Gly3751Asp),0
NM_001368894.2(PAX6):c.130C>A (p.Arg44=),0
NM_002303.6(LEPR):c.668A>G (p.Gln223Arg),0
NM_000059.4(BRCA2):c.6937+594T>G,0
NM_004260.4(RECQL4):c.1621-15C>T,0
NM_000526.5(KRT14):c.369T>C (p.Asn123=),0
NM_001384140.1(PCDH15):c.960A>G (p.Pro320=),0
NM_001033953.3(CALCA):c.228-215=,0
NM_000152.5(GAA):c.1581G>A (p.Arg527=),0
NM_001110792.2(MECP2):c.1363G>A (p.Ala455Thr),0
NM_174936.4(PCSK9):c.658-7C>T,0
NM_130837.3(OPA1):c.679-8C>T,0
NM_018136.5(ASPM):c.849C>T (p.Ser283=),0
NM_004333.6(BRAF):c.980+27G>A,0
NM_024009.3(GJB3):c.798C>T (p.Asn266=),0
NM_004006.3(DMD):c.9085-15539G>A,0
NM_017449.5(EPHB2):c.835G>T (p.Ala279Ser),0
NM_004369.4(COL6A3):c.2419G>A (p.Ala807Thr),0
NM_004380.3(CREBBP):c.2941G>A (p.Ala981Thr),0
NM_007294.4(BRCA1):c.547+146A>T,0
NM_000249.4(MLH1):c.790+955C>A,0
NM_025114.4(CEP290):c.6357+20A>T,0
NM_004568.6(SERPINB6):c.268A>G (p.Met90Val),0
NM_007294.4(BRCA1):c.1233T>G (p.Asp411Glu),0
NM_021098.3(CACNA1H):c.1919C>T (p.Pro640Leu),0
NM_001848.3(COL6A1):c.588+13C>A,0
NM_000535.7(PMS2):c.2340C>T (p.Pro780=),0
NM_030662.4(MAP2K2):c.846C>T (p.Pro282=),0
NM_172364.5(CACNA2D4):c.2517G>A (p.Ala839=),0
NM_004565.3(PEX14):c.384+14A>T,0
NM_153676.4(USH1C):c.1086-12G>A,0
NM_000891.3(KCNJ2):c.660C>T (p.Ser220=),0
NM_000211.5(ITGB2):c.994-47G>A,0
NM_000110.4(DPYD):c.763-118A>G,0
NC_000020.11:g.45919554C>T,0
NM_000152.5(GAA):c.2446G>A (p.Val816Ile),0
NM_007294.4(BRCA1):c.2669G>T (p.Gly890Val),0
NM_000426.4(LAMA2):c.2799A>G (p.Gln933=),0
NM_000257.4(MYH7):c.2945T>C (p.Met982Thr),0
NM_002206.3(ITGA7):c.1965T>C (p.Cys655=),0
NM_144997.7(FLCN):c.397-14C>T,0
NM_003060.4(SLC22A5):c.652+77A>G,0
NM_000016.6(ACADM):c.489T>G (p.Pro163=),0
NM_016816.4(OAS1):c.1039-1=,0
NM_000059.4(BRCA2):c.1788T>C (p.Asp596=),0
NM_000430.4(PAFAH1B1):c.672-10A>C,0
NM_000231.3(SGCG):c.703-18T>C,0
NM_006757.4(TNNT3):c.414G>A (p.Glu138=),0
NM_005633.4(SOS1):c.1230G>A (p.Gln410=),0
NM_000719.7(CACNA1C):c.3786C>T (p.Phe1262=),0
NM_000277.3(PAH):c.353-22C>T,0
NM_000018.4(ACADVL):c.1038G>A (p.Ala346=),0
NM_152594.3(SPRED1):c.291G>A (p.Lys97=),0
NM_000257.4(MYH7):c.3156G>A (p.Lys1052=),0
NM_004006.3(DMD):c.4234-13A>G,0
NM_001848.3(COL6A1):c.2667G>A (p.Ala889=),0
NM_001127496.3(SPRY4):c.841G>A (p.Val281Ile),0
NM_006363.6(SEC23B):c.1405-7C>T,0
NM_017791.3(FLVCR2):c.47T>C (p.Val16Ala),0
NM_000535.7(PMS2):c.804-243G>A,0
NM_032119.4(ADGRV1):c.10411G>A (p.Glu3471Lys),0
NC_012920.1(MT-RNR1):m.1007G>A,0
NM_030662.4(MAP2K2):c.451-15T>G,0
NM_005422.4(TECTA):c.5634C>T (p.Ser1878=),0
NM_201384.3(PLEC):c.3261-13G>A,0
NM_000243.3(MEFV):c.942C>T (p.Arg314=),0
NM_002471.4(MYH6):c.999C>T (p.Thr333=),0
NM_004369.4(COL6A3):c.7512C>T (p.Asn2504=),0
NM_004795.4(KL):c.639C>A (p.Ala213=),0
NM_005309.3(GPT):c.40C>G (p.His14Asp),0
NC_012920.1(MT-CYB):m.15572T>C,0
NM_001849.4(COL6A2):c.2039G>A (p.Arg680His),0
NM_014336.5(AIPL1):c.341C>T (p.Thr114Ile),0
NM_033380.3(COL4A5):c.1095G>C (p.Gly365=),0
NM_000368.5(TSC1):c.2392-35T>C,0
NM_007294.4(BRCA1):c.4837A>G (p.Ser1613Gly),0
NM_000548.5(TSC2):c.5397G>C (p.Ser1799=),0
NM_000505.4(F12):c.-4T>C,0
NM_004817.4(TJP2):c.2646G>A (p.Ala882=),0
NM_002976.4(SCN7A):c.2048G>A (p.Arg683Gln),0
NM_000059.4(BRCA2):c.1662T>G (p.Cys554Trp),0
NM_004006.3(DMD):c.31+82743G>A,0
NM_004006.2(DMD):c.-128410A>C,0
NM_206933.4(USH2A):c.13191G>A (p.Glu4397=),0
NM_130837.3(OPA1):c.1035+32T>C,0
NM_206965.2(FTCD):c.1313C>T (p.Ala438Val),0
NM_032119.4(ADGRV1):c.12592G>A (p.Val4198Met),0
NM_005084.4(PLA2G7):c.593T>C (p.Ile198Thr),0
NM_000203.5(IDUA):c.1360G>A (p.Val454Ile),0
NC_012920.1(MT-ND1):m.4136A>G,0
NM_000894.3(LHB):c.82T>C (p.Trp28Arg),0
NM_000159.4(GCDH):c.1173G>T (p.Gly391=),0
NM_004006.3(DMD):c.7476T>C (p.Val2492=),0
NM_002755.4(MAP2K1):c.80+54G>C,0
NM_000036.3(AMPD1):c.1947T>C (p.Asp649=),0
NM_012463.4(ATP6V0A2):c.1121A>G (p.Lys374Arg),0
NC_012920.1(MT-ND2):m.4640C>A,0
NM_005633.4(SOS1):c.1964C>T (p.Pro655Leu),0
NM_007294.4(BRCA1):c.114G>A (p.Lys38=),0
NM_000088.4(COL1A1):c.612C>T (p.Pro204=),0
NM_000038.6(APC):c.5465T>A (p.Val1822Asp),0
NM_001368067.1(LDB3):c.546T>C (p.Ser182=),0
NM_000038.6(APC):c.1408+792A>T,0
NM_006121.4(KRT1):c.963+52T>G,0
NM_000053.4(ATP7B):c.2866-13G>C,0
NM_001277115.2(DNAH11):c.100G>T (p.Glu34Ter),0
NM_139319.3(SLC17A8):c.171G>A (p.Thr57=),0
NM_144997.7(FLCN):c.871+36G>A,0
NM_000038.6(APC):c.934-132G>T,0
NM_007294.4(BRCA1):c.5576C>G (p.Pro1859Arg),0
NM_000257.4(MYH7):c.4788G>A (p.Ser1596=),0
NM_201384.3(PLEC):c.13461T>C (p.Ala4487=),0
NM_016938.5(EFEMP2):c.775A>G (p.Ile259Val),0
NM_000257.4(MYH7):c.3918C>T (p.Leu1306=),0
NM_002273.4(KRT8):c.160T>C (p.Tyr54His),0
NM_000098.3(CPT2):c.1102G>A (p.Val368Ile),0
NM_002386.4(MC1R):c.274G>A (p.Val92Met),0
NM_144672.4(OTOA):c.44T>A (p.Phe15Tyr),0
NC_012920.1(MT-ND1):m.3388C>A,0
NM_000306.4(POU1F1):c.143-4A>T,0
NM_001063.4(TF):c.956A>G (p.His319Arg),0
NM_000152.5(GAA):c.668G>A (p.Arg223His),0
NM_000059.4(BRCA2):c.2350A>G (p.Met784Val),0
NM_000199.5(SGSH):c.663+17T>C,0
NM_014336.5(AIPL1):c.268G>C (p.Asp90His),0
NM_133379.5(TTN):c.16432G>A (p.Val5478Met),0
NM_000535.5(PMS2):c.-195T>C,0
NM_000744.7(CHRNA4):c.1758+14A>G,0
NM_000059.4(BRCA2):c.3420T>C (p.Ser1140=),0
NM_005573.4(LMNB1):c.414T>C (p.Tyr138=),0
NC_000006.12:g.132714186A>C,0
NM_005709.4(USH1C):c.1261G>A (p.Gly421Ser),0
NM_006262.4(PRPH):c.545+69G>C,0
NC_012920.1(MT-RNR1):m.961T>C,0
NM_001349338.3(FOXP1):c.1147-19G>A,0
NM_003482.4(KMT2D):c.6573G>A (p.Thr2191=),0
NM_017637.6(BNC2):c.171G>T (p.Gln57His),0
NM_000430.4(PAFAH1B1):c.*17C>T,0
NM_000287.4(PEX6):c.2816C>A (p.Pro939Gln),0
NM_018714.3(COG1):c.2383-17T>C,0
NC_000022.11:g.24495324C>G,0
NM_000059.4(BRCA2):c.831T>G (p.Asn277Lys),0
NM_005045.4(RELN):c.10074A>G (p.Ala3358=),0
NM_004006.2(DMD):c.-128163A>G,0
NM_000180.4(GUCY2D):c.61T>C (p.Trp21Arg),0
NM_000181.4(GUSB):c.1740C>T (p.Tyr580=),0
NM_032119.4(ADGRV1):c.6952-10G>A,0
NM_001318895.3(FHL2):c.678C>T (p.Asn226=),0
NM_002471.4(MYH6):c.4359+13C>T,0
NM_001267550.2(TTN):c.79062T>A (p.Gly26354=),0
NM_001382.4(DPAGT1):c.1177A>G (p.Ile393Val),0
NM_000059.4(BRCA2):c.7976+23C>T,0
NM_000535.5(PMS2):c.-2559T>A,0
NM_001318895.3(FHL2):c.530G>A (p.Arg177Gln),0
NM_001289104.2(PRKCSH):c.871G>A (p.Ala291Thr),0
NM_001267550.2(TTN):c.9781G>A (p.Val3261Met),0
NM_007214.5(SEC63):c.564C>T (p.Asn188=),0
NM_001130987.2(DYSF):c.2554A>G (p.Ile852Val),0
NM_000059.4(BRCA2):c.517-19C>T,0
NM_000500.9(CYP21A2):c.308G>A (p.Arg103Lys),0
NM_000059.4(BRCA2):c.8764A>G (p.Ser2922Gly),0
NM_002206.3(ITGA7):c.810G>A (p.Gly270=),0
NM_004817.4(TJP2):c.1917C>T (p.Asp639=),0
NM_001130987.2(DYSF):c.4428C>T (p.Ile1476=),0
NM_012301.4(MAGI2):c.1755C>T (p.Pro585=),0
NM_000249.4(MLH1):c.803A>G (p.Glu268Gly),0
NM_015404.4(WHRN):c.117G>A (p.Val39=),0
NM_004333.6(BRAF):c.861-54A>G,0
NM_000179.2(MSH6):c.-159C>T,0
NM_000153.4(GALC):c.984G>A (p.Gln328=),0
NM_007294.4(BRCA1):c.4636G>T (p.Asp1546Tyr),0
NM_130810.4(DNAAF4):c.1249G>T (p.Glu417Ter),0
NM_005045.4(RELN):c.8843+7G>C,0
NM_213599.3(ANO5):c.1029C>T (p.Asp343=),0
NM_130839.5(UBE3A):c.373T>C (p.Leu125=),0
NM_004370.6(COL12A1):c.696G>A (p.Thr232=),0
NM_001360016.2(G6PD):c.486-60C>G,0
NM_001038603.3(MARVELD2):c.1147-9T>G,0
NM_018941.4(CLN8):c.685C>G (p.Pro229Ala),0
NM_002880.4(RAF1):c.1830A>G (p.Gln610=),0
NM_007294.4(BRCA1):c.2002C>T (p.Leu668Phe),0
NM_001160179.2(NAT1):c.445G>A (p.Val149Ile),0
NM_002880.4(RAF1):c.-26-390G>C,0
NM_000257.4(MYH7):c.297C>T (p.Pro99=),0
NM_024301.5(FKRP):c.135C>T (p.Ala45=),0
NM_001146079.2(CLDN14):c.243C>T (p.Arg81=),0
NC_012920.1(MT-ND4):m.11084A>G,0
NM_001127453.2(GSDME):c.1199C>T (p.Ala400Val),0
NM_000535.5(PMS2):c.-323G>T,0
NM_000540.3(RYR1):c.7872C>T (p.Arg2624=),0
NM_207391.3(RGS9BP):c.286G>T (p.Ala96Ser),0
NM_000059.4(BRCA2):c.4068G>A (p.Leu1356=),0
NM_001614.5(ACTG1):c.930C>T (p.Ala310=),0
NM_000526.5(KRT14):c.280G>A (p.Ala94Thr),0
NM_000251.3(MSH2):c.1277-5849T>C,0
NM_032119.4(ADGRV1):c.9771C>T (p.Ser3257=),0
NM_000059.4(BRCA2):c.8503T>C (p.Ser2835Pro),0
NM_005334.3(HCFC1):c.4185G>A (p.Ala1395=),0
NM_133433.4(NIPBL):c.2469A>G (p.Lys823=),0
NM_000257.4(MYH7):c.3036C>T (p.Ala1012=),0
NM_004369.4(COL6A3):c.7929G>A (p.Ala2643=),0
NM_015865.7(SLC14A1):c.838G>A (p.Asp280Asn),0
NM_000251.3(MSH2):c.1661+90T>C,0
NM_000251.3(MSH2):c.573C>T (p.Leu191=),0
NM_007294.4(BRCA1):c.5277+78G>A,0
NM_001848.3(COL6A1):c.2549G>A (p.Arg850His),0
NM_001377.3(DYNC2H1):c.11649+12C>A,0
NM_004006.3(DMD):c.3734C>T (p.Thr1245Ile),0
NM_001164508.2(NEB):c.10809G>C (p.Trp3603Cys),0
NM_000257.4(MYH7):c.597A>G (p.Ala199=),0
NM_001127644.2(GABRA1):c.1059+15G>A,0
NM_014989.7(RIMS1):c.4983G>A (p.Pro1661=),0
NM_004369.4(COL6A3):c.4533G>T (p.Gly1511=),0
NM_138694.4(PKHD1):c.3785C>T (p.Ala1262Val),0
NM_001205019.2(GK):c.1357+20T>C,0
NM_001377265.1(MAPT):c.1708G>A (p.Ala570Thr),0
NM_000546.6(TP53):c.215C>G (p.Pro72Arg),0
NM_206926.2(SELENON):c.1071T>C (p.Pro357=),0
NM_000397.4(CYBB):c.1314+19C>T,0
NM_016239.4(MYO15A):c.9486C>T (p.Asp3162=),0
NM_005144.5(HR):c.3064A>G (p.Thr1022Ala),0
NM_012418.4(FSCN2):c.1446C>T (p.Asp482=),0
NM_004380.3(CREBBP):c.3837-8C>T,0
NC_000004.12:g.140572807T>C,0
NM_001017420.3(ESCO2):c.239C>T (p.Ala80Val),0
NM_001130987.2(DYSF):c.4859G>A (p.Arg1620His),0
NM_001848.3(COL6A1):c.1957-11C>T,0
NC_012920.1(MT-RNR1):m.1107T>C,0
NM_032119.4(ADGRV1):c.11682C>T (p.Pro3894=),0
NM_138477.4(CDAN1):c.1787A>G (p.Gln596Arg),0
NM_007294.4(BRCA1):c.1534C>T (p.Leu512Phe),0
NM_030662.4(MAP2K2):c.1093-6T>C,0
NM_004333.6(BRAF):c.609-75T>A,0
NM_000540.3(RYR1):c.7614+10C>G,0
NM_007294.4(BRCA1):c.442-34C>T,0
NM_002471.4(MYH6):c.3408G>A (p.Lys1136=),0
NM_001848.3(COL6A1):c.1823-8G>A,0
NM_002024.6(FMR1):c.271-19A>G,0
NM_007294.4(BRCA1):c.2584A>G (p.Lys862Glu),0
NM_000059.4(BRCA2):c.7397= (p.Val2466=),0
NM_000059.4(BRCA2):c.7806-40A>G,0
NM_031935.3(HMCN1):c.14158G>A (p.Ala4720Thr),0
NM_004369.4(COL6A3):c.5917+28G>C,0
NM_031935.3(HMCN1):c.13313-4G>A,0
NM_133263.4(PPARGC1B):c.607G>C (p.Ala203Pro),0
NM_007294.4(BRCA1):c.2082C>T (p.Ser694=),0
NM_000350.3(ABCA4):c.6730-27C>G,0
NM_030662.4(MAP2K2):c.420C>T (p.Asp140=),0
NM_000852.4(GSTP1):c.313A>G (p.Ile105Val),0
NM_206926.2(SELENON):c.42C>T (p.Pro14=),0
NM_007294.4(BRCA1):c.2758G>A (p.Val920Ile),0
NM_001379180.1(ESRRB):c.144C>A (p.Ile48=),0
NM_001386795.1(DTNA):c.231C>T (p.Asn77=),0
NM_000540.3(RYR1):c.3456C>T (p.Ile1152=),0
NM_000843.4(GRM6):c.1566C>T (p.Cys522=),0
NM_002880.4(RAF1):c.-281C>G,0
NM_001145809.2(MYH14):c.4753-9C>T,0
NM_000059.4(BRCA2):c.7017G>C (p.Lys2339Asn),0
NM_004606.5(TAF1):c.808C>G (p.Leu270Val),0
NM_002055.5(GFAP):c.858G>A (p.Arg286=),0
NM_006031.6(PCNT):c.8988C>T (p.Ala2996=),0
NM_201384.3(PLEC):c.1815+10G>A,0
NM_004260.4(RECQL4):c.3014G>A (p.Arg1005Gln),0
NM_015506.3(MMACHC):c.321G>A (p.Val107=),0
NM_057176.3(BSND):c.63C>T (p.Leu21=),0
NM_001632.3(ALPP):c.74C= (p.Pro25=),0
NM_001876.4(CPT1A):c.556-19T>G,0
NM_005633.4(SOS1):c.2391-82T>C,0
NM_014588.6(VSX1):c.546A>G (p.Ala182=),0
NM_000038.6(APC):c.*1460C>T,0
NM_000059.4(BRCA2):c.1151C>T (p.Ser384Phe),0
NM_001123385.2(BCOR):c.1692A>G (p.Ala564=),0
NM_030662.4(MAP2K2):c.706-81G>A,0
NM_016599.5(MYOZ2):c.247-18A>G,0
NM_152594.3(SPRED1):c.1044T>C (p.Val348=),0
NM_001267550.2(TTN):c.22080T>C (p.Asp7360=),0
NM_033629.6(TREX1):c.531= (p.Tyr177=),0
NM_000446.7(PON1):c.575A>G (p.Gln192Arg),0
NM_004281.4(BAG3):c.1296A>G (p.Val432=),0
NM_201384.3(PLEC):c.10612T>C (p.Leu3538=),0
NM_006514.4(SCN10A):c.4866T>C (p.Ser1622=),0
NM_000211.5(ITGB2):c.58+12G>A,0
NC_000007.14:g.95324583G>A,0
NM_133379.5(TTN):c.15447C>T (p.Tyr5149=),0
NM_002230.4(JUP):c.213T>C (p.Asp71=),0
NM_000426.4(LAMA2):c.156C>T (p.Ile52=),0
NM_000059.4(BRCA2):c.6842-20T>A,0
NM_000059.4(BRCA2):c.5640T>G (p.Asn1880Lys),0
NM_201384.3(PLEC):c.*19C>T,0
NM_000329.3(RPE65):c.1338+20A>C,0
NM_004333.6(BRAF):c.708C>T (p.Asn236=),0
NM_001034853.2(RPGR):c.223A>G (p.Ile75Val),0
NM_001083962.2(TCF4):c.1941A>G (p.Ser647=),0
NM_004415.4(DSP):c.4578C>A (p.Asn1526Lys),0
NM_000141.5(FGFR2):c.109+906T>C,0
NM_005334.3(HCFC1):c.2841A>G (p.Pro947=),0
NM_030662.4(MAP2K2):c.529-11C>A,0
NM_133261.3(GIPC3):c.593-6C>T,0
NM_000426.4(LAMA2):c.5466A>G (p.Glu1822=),0
NM_000436.4(OXCT1):c.414+7A>C,0
NC_000001.11:g.113872746G>C,0
NM_016239.4(MYO15A):c.6052G>A (p.Gly2018Arg),0
NM_007294.4(BRCA1):c.4081A>C (p.Met1361Leu),0
NM_000548.5(TSC2):c.976-63G>A,0
NM_004369.4(COL6A3):c.1638C>T (p.Ala546=),0
NM_001429.4(EP300):c.4618-18C>T,0
NM_000843.4(GRM6):c.1500+23A>G,0
NM_000583.4(GC):c.1307C>A (p.Thr436Lys),0
NM_014425.5(INVS):c.2412T>C (p.Ser804=),0
NM_000371.4(TTR):c.337-18G>C,0
NM_004817.4(TJP2):c.382C>A (p.Gln128Lys),0
NM_001377265.1(MAPT):c.1091T>C (p.Val364Ala),0
NM_000059.4(BRCA2):c.7544C>T (p.Thr2515Ile),0
NM_007294.4(BRCA1):c.5579A>C (p.His1860Pro),0
NM_000540.3(RYR1):c.10218C>T (p.Tyr3406=),0
NM_000257.4(MYH7):c.261C>T (p.Ile87=),0
NM_001849.4(COL6A2):c.1521+21A>G,0
NM_004006.3(DMD):c.8218-630G>A,0
NM_002473.6(MYH9):c.2256T>C (p.Asn752=),0
NM_000053.4(ATP7B):c.1216T>G (p.Ser406Ala),0
NM_000551.4(VHL):c.150C>G (p.Ala50=),0
NM_000784.4(CYP27A1):c.852G>A (p.Lys284=),0
NM_004006.3(DMD):c.6438+61366A>G,0
NM_001123385.2(BCOR):c.1791C>T (p.His597=),0
NM_000535.7(PMS2):c.2466T>C (p.Leu822=),0
NC_000001.11:g.230710048A>G,0
NM_002755.4(MAP2K1):c.927A>T (p.Ala309=),0
NM_000036.3(AMPD1):c.1224+8G>A,0
NM_000071.3(CBS):c.699C>T (p.Tyr233=),0
NM_032119.4(ADGRV1):c.2001T>C (p.Asp667=),0
NM_198578.3(LRRK2):c.149A>G (p.His50Arg),0
NM_000277.3(PAH):c.735G>A (p.Val245=),0
NM_007373.4(SHOC2):c.1161+42T>C,0
NM_001377265.1(MAPT):c.1564T>C (p.Ser522Pro),0
NM_198578.4(LRRK2):c.4269G>A (p.Lys1423=),0
NM_201384.3(PLEC):c.5583G>A (p.Ala1861=),0
NM_018451.5(CPAP):c.2635T>G (p.Ser879Ala),0
NM_005857.5(ZMPSTE24):c.651T>C (p.Asp217=),0
NM_001267550.2(TTN):c.91071T>G (p.Thr30357=),0
NM_020208.4(SLC6A20):c.596C>T (p.Thr199Met),0
NM_001034116.2(EIF2B4):c.1233C>T (p.Asn411=),0
NM_201384.3(PLEC):c.465G>A (p.Ser155=),0
NM_003242.6(TGFBR2):c.1167C>T (p.Asn389=),0
NM_000249.4(MLH1):c.1038+86T>C,0
NM_021098.3(CACNA1H):c.1664C>T (p.Ala555Val),0
NM_000132.4(F8):c.3780C>G (p.Asp1260Glu),0
NM_133379.5(TTN):c.13980C>G (p.His4660Gln),0
NM_000834.5(GRIN2B):c.14C>T (p.Ala5Val),0
NM_000546.6(TP53):c.139C>T (p.Pro47Ser),0
NM_007294.4(BRCA1):c.3640G>A (p.Glu1214Lys),0
NM_000036.3(AMPD1):c.215+10G>A,0
NM_032119.4(ADGRV1):c.13599A>G (p.Thr4533=),0
NM_004448.4(ERBB2):c.1960A>G (p.Ile654Val),0
NM_000277.3(PAH):c.510-54G>A,0
NM_000368.5(TSC1):c.2976-43G>C,0
NM_001145809.2(MYH14):c.33G>C (p.Arg11=),0
NM_004252.5(NHERF1):c.328C>G (p.Leu110Val),0
NM_018136.5(ASPM):c.3269C>T (p.Ser1090Phe),0
NM_007294.4(BRCA1):c.2315T>C (p.Val772Ala),0
NM_004006.3(DMD):c.2173G>T (p.Asp725Tyr),0
NM_001077365.2(POMT1):c.1082+16G>A,0
NM_001308093.3(GATA4):c.1059C>T (p.Asn353=),0
NM_032119.4(ADGRV1):c.7034A>G (p.Asn2345Ser),0
NM_002755.4(MAP2K1):c.315C>T (p.Pro105=),0
NM_000059.4(BRCA2):c.3264T>C (p.Pro1088=),0
NM_000535.7(PMS2):c.2007-4G>A,0
NM_004985.5(KRAS):c.519T>C (p.Asp173=),0
NM_017780.4(CHD7):c.6276G>A (p.Glu2092=),0
NM_000843.4(GRM6):c.2420C>T (p.Ala807Val),0
NM_000053.4(ATP7B):c.3009G>A (p.Ala1003=),0
NM_001048174.2(MUTYH):c.930G>C (p.Gln310His),0
NM_018249.6(CDK5RAP2):c.4618G>C (p.Val1540Leu),0
NM_138694.4(PKHD1):c.7734-4T>C,0
NM_000260.4(MYO7A):c.6558+16G>A,0
NM_002396.5(ME2):c.1404T>A (p.Val468=),0
NM_021098.3(CACNA1H):c.6230G>A (p.Arg2077His),0
NM_001308.3(CPN1):c.533G>A (p.Gly178Asp),0
NM_001142459.2(ASB10):c.1078C>T (p.Arg360Cys),0
NM_006031.6(PCNT):c.720+17T>C,0
NM_000381.4(MID1):c.861G>A (p.Gly287=),0
NM_000179.3(MSH6):c.1186C>G (p.Leu396Val),0
NM_000482.4(APOA4):c.1140G>T (p.Gln380His),0
NM_033028.5(BBS4):c.1061T>C (p.Ile354Thr),0
NM_001195129.2(PRSS56):c.1795C>G (p.Pro599Ala),0
NM_000117.3(EMD):c.83-13C>G,0
NM_000059.4(BRCA2):c.516+18T>C,0
NM_000240.4(MAOA):c.891G>T (p.Arg297=),0
NM_001297.5(CNGB1):c.1604T>C (p.Val535Ala),0
NM_017433.5(MYO3A):c.1053+11C>T,0
NM_194248.3(OTOF):c.4936C>T (p.Pro1646Ser),0
NM_015102.5(NPHP4):c.2802C>T (p.Arg934=),0
NM_001384140.1(PCDH15):c.1910A>G (p.Asn637Ser),0
NM_000059.4(BRCA2):c.1514T>C (p.Ile505Thr),0
NM_000217.3(KCNA1):c.684T>C (p.Cys228=),0
NM_007294.4(BRCA1):c.2109A>G (p.Thr703=),0
NM_000368.5(TSC1):c.*107T>C,0
NM_005422.4(TECTA):c.5171G>A (p.Ser1724Asn),0
NM_006922.4(SCN3A):c.1441C>T (p.Leu481=),0
NM_017433.5(MYO3A):c.3597G>A (p.Glu1199=),0
NM_012463.4(ATP6V0A2):c.2549A>G (p.Asn850Ser),0
NM_022124.6(CDH23):c.429+4G>A,0
NM_003482.4(KMT2D):c.10045A>G (p.Met3349Val),0
NM_001277115.2(DNAH11):c.9479G>A (p.Arg3160Gln),0
NM_144997.7(FLCN):c.1062+6C>T,0
NM_001742.4(CALCR):c.1340T>C (p.Leu447Pro),0
NM_022124.6(CDH23):c.4051A>G (p.Asn1351Asp),0
NM_004360.5(CDH1):c.1774G>A (p.Ala592Thr),0
NM_001854.4(COL11A1):c.1872A>G (p.Pro624=),0
NM_000059.4(BRCA2):c.8755-66T>C,0
NM_201384.3(PLEC):c.6441G>A (p.Ala2147=),0
NM_004369.4(COL6A3):c.4727G>A (p.Arg1576Gln),0
NM_007294.4(BRCA1):c.2286A>T (p.Arg762Ser),0
NM_000179.3(MSH6):c.276A>G (p.Pro92=),0
NM_002087.4(GRN):c.*78C>T,0
NM_080680.3(COL11A2):c.2681C>T (p.Pro894Leu),0
NM_018136.5(ASPM):c.3138G>A (p.Arg1046=),0
NM_004260.4(RECQL4):c.1258+18G>A,0
NM_001378615.1(CC2D2A):c.3288+41A>C,0
NM_002834.5(PTPN11):c.14+25G>C,0
NM_178335.3(CCDC50):c.651T>C (p.His217=),0
NM_032119.4(ADGRV1):c.16248C>T (p.Val5416=),0
NM_000053.4(ATP7B):c.3419T>C (p.Val1140Ala),0
NM_194318.4(B3GLCT):c.1064+10C>T,0
NM_001848.3(COL6A1):c.1822+42G>C,0
NM_025114.4(CEP290):c.5709+18C>A,0
NM_014141.6(CNTNAP2):c.3381+17A>C,0
NM_017780.4(CHD7):c.6738G>A (p.Glu2246=),0
NM_001035.3(RYR2):c.11963-11T>C,0
NM_000110.4(DPYD):c.151-69G>A,0
NM_000059.4(BRCA2):c.9738C>T (p.Ala3246=),0
NM_012213.3(MLYCD):c.528+19T>C,0
NM_007294.4(BRCA1):c.4046C>T (p.Thr1349Met),0
NM_182931.3(KMT2E):c.771T>C (p.Gly257=),0
NM_001134363.3(RBM20):c.1527+8C>T,0
NM_001035.3(RYR2):c.4684-5G>C,0
NM_000521.4(HEXB):c.362A>G (p.Lys121Arg),0
NM_030662.4(MAP2K2):c.451-135C>T,0
NM_000249.4(MLH1):c.1321G>A (p.Ala441Thr),0
NM_000719.7(CACNA1C):c.5604A>G (p.Gln1868=),0
NM_206933.4(USH2A):c.6506T>C (p.Ile2169Thr),0
NM_000525.4(KCNJ11):c.155A>G (p.Gln52Arg),0
NM_001318895.3(FHL2):c.120C>T (p.Cys40=),0
NM_005609.4(PYGM):c.1240C>G (p.Arg414Gly),0
NM_000251.3(MSH2):c.1511-1516C>T,0
NM_000038.6(APC):c.*1098T>C,0
NM_004006.3(DMD):c.6290+27T>A,0
NC_012920.1(MT-ND6):m.14325T>C,0
NM_007294.4(BRCA1):c.2597G>A (p.Arg866His),0
NM_000180.4(GUCY2D):c.1724C>T (p.Pro575Leu),0
NM_007294.4(BRCA1):c.4097-10G>A,0
NM_024105.4(ALG12):c.664+12A>G,0
NM_004393.6(DAG1):c.2256C>T (p.His752=),0
NM_000334.4(SCN4A):c.4539C>A (p.Ile1513=),0
NM_007294.4(BRCA1):c.5198A>G (p.Asp1733Gly),0
NM_000540.3(RYR1):c.13671C>G (p.Ser4557=),0
NM_000257.4(MYH7):c.1095G>A (p.Lys365=),0
NM_000038.6(APC):c.*86C>A,0
NM_000126.4(ETFA):c.39+12C>G,0
NM_130839.5(UBE3A):c.477A>T (p.Ala159=),0
NM_007294.4(BRCA1):c.-19-3A>G,0
NM_018127.7(ELAC2):c.650C>T (p.Ser217Leu),0
NM_001849.4(COL6A2):c.1770+4G>A,0
NM_005477.3(HCN4):c.36C>G (p.Leu12=),0
NM_000261.2(MYOC):c.144G>T (p.Gln48His),0
NM_000251.3(MSH2):c.1886A>G (p.Gln629Arg),0
NM_007294.4(BRCA1):c.839C>G (p.Ala280Gly),0
NM_000540.3(RYR1):c.7089C>T (p.Cys2363=),0
NM_181332.3(NLGN4X):c.933C>T (p.Thr311=),0
NM_001130987.2(DYSF):c.1881T>C (p.Asp627=),0
NM_007294.4(BRCA1):c.508C>T (p.Arg170Trp),0
NM_139319.3(SLC17A8):c.54G>A (p.Lys18=),0
NM_002381.5(MATN3):c.908C>T (p.Thr303Met),0
NM_001849.4(COL6A2):c.1609-10C>T,0
NM_001145809.2(MYH14):c.2841C>T (p.Arg947=),0
NM_018136.5(ASPM):c.7480T>C (p.Tyr2494His),0
NM_001848.3(COL6A1):c.2434+55G>A,0
NM_000249.4(MLH1):c.1733A>G (p.Glu578Gly),0
NM_030662.4(MAP2K2):c.844C>T (p.Pro282Ser),0
NM_004415.4(DSP):c.2091A>G (p.Gly697=),0
NM_000059.4(BRCA2):c.8905G>A (p.Val2969Met),0
NM_007294.4(BRCA1):c.1486C>T (p.Arg496Cys),0
NM_001297.5(CNGB1):c.2233C>A (p.Leu745Ile),0
NM_153676.4(USH1C):c.2457G>C (p.Glu819Asp),0
NM_007294.4(BRCA1):c.1067A>G (p.Gln356Arg),0
NM_013247.5(HTRA2):c.421G>T (p.Ala141Ser),0
NM_004333.6(BRAF):c.1315-18T>G,0
NM_000548.5(TSC2):c.3703C>T (p.Leu1235Phe),0
NM_001267550.2(TTN):c.57315T>C (p.His19105=),0
NM_001136018.4(EPHX1):c.337T>C (p.Tyr113His),0
NM_003482.4(KMT2D):c.7144C>T (p.Pro2382Ser),0
NM_007294.4(BRCA1):c.2083G>T (p.Asp695Tyr),0
NC_012920.1(MT-ND4):m.11696G>A,0
NM_004817.4(TJP2):c.1478G>A (p.Arg493Lys),0
NC_000019.10:g.41354391A>G,0
NM_001377.3(DYNC2H1):c.10043-15G>T,0
NM_007294.4(BRCA1):c.305C>G (p.Ala102Gly),0
NM_130837.3(OPA1):c.2778+11C>G,0
NM_001848.3(COL6A1):c.2736C>T (p.Asp912=),0
NM_000018.4(ACADVL):c.68G>A (p.Arg23Gln),0
NM_000548.5(TSC2):c.5202T>C (p.Asp1734=),0
NM_000249.4(MLH1):c.1038+1005G>T,0
NM_001368397.1(FRMPD4):c.1197+12C>G,0
NM_000330.4(RS1):c.330T>C (p.Cys110=),0
NM_015272.5(RPGRIP1L):c.3073G>A (p.Gly1025Ser),0
NM_000260.4(MYO7A):c.6051+17T>A,0
NM_007294.4(BRCA1):c.1036C>T (p.Pro346Ser),0
NM_057176.3(BSND):c.177+11G>A,0
NM_000257.4(MYH7):c.3351G>A (p.Glu1117=),0
NM_005534.4(IFNGR2):c.984G>A (p.Lys328=),0
NM_002055.5(GFAP):c.1171+501C>A,0
NM_000046.5(ARSB):c.1151G>A (p.Ser384Asn),0
NM_000274.4(OAT):c.1134C>T (p.Asn378=),0
NM_000152.5(GAA):c.596A>G (p.His199Arg),0
NM_004369.4(COL6A3):c.9494-26C>T,0
NM_000466.3(PEX1):c.2331C>A (p.Gly777=),0
NM_001378615.1(CC2D2A):c.3595-22C>T,0
NM_030662.4(MAP2K2):c.529-26G>A,0
NM_198253.3(TERT):c.3039C>T (p.His1013=),0
NM_000843.4(GRM6):c.1392A>G (p.Gly464=),0
NM_005633.4(SOS1):c.2122G>A (p.Ala708Thr),0
NM_022455.5(NSD1):c.1482C>T (p.Cys494=),0
NM_033056.4(PCDH15):c.5286T>A (p.Pro1762=),0
NM_000179.3(MSH6):c.457+52T>A,0
NM_000214.3(JAG1):c.2214A>C (p.Thr738=),0
NM_000156.6(GAMT):c.626C>T (p.Thr209Met),0
NM_015404.4(WHRN):c.1627-12G>A,0
NM_006765.4(TUSC3):c.309-6T>C,0
NM_000038.6(APC):c.729+88T>C,0
NM_014000.3(VCL):c.1407C>T (p.Ala469=),0
NM_001360.3(DHCR7):c.626+15G>A,0
NM_014491.4(FOXP2):c.531A>G (p.Gln177=),0
NM_001110556.2(FLNA):c.663C>T (p.Pro221=),0
NM_000548.5(TSC2):c.3883+37C>T,0
NM_001127222.2(CACNA1A):c.1182G>A (p.Glu394=),0
NM_000038.6(APC):c.933+916T>G,0
NM_000101.4(CYBA):c.214T>C (p.Tyr72His),0
NM_001289808.2(CRYAB):c.324+4T>G,0
NM_007294.4(BRCA1):c.3113A>G (p.Glu1038Gly),0
NM_001849.4(COL6A2):c.2724A>G (p.Thr908=),0
NM_000535.7(PMS2):c.538-223A>G,0
NM_001267550.2(TTN):c.62058T>C (p.Tyr20686=),0
NM_002755.4(MAP2K1):c.960+68C>T,0
NM_000059.4(BRCA2):c.8487+47C>T,0
NM_001692.4(ATP6V1B1):c.*6C>A,0
NM_194248.3(OTOF):c.129C>T (p.Asp43=),0
NM_002471.4(MYH6):c.4651-12A>C,0
NM_015102.5(NPHP4):c.453-27G>A,0
NM_000535.7(PMS2):c.288C>T (p.Ala96=),0
NM_005633.4(SOS1):c.570C>T (p.Asp190=),0
NM_006005.3(WFS1):c.1308C>T (p.Thr436=),0
NM_000251.3(MSH2):c.211+98T>C,0
NM_000203.5(IDUA):c.543T>C (p.Asn181=),0
NM_000258.3(MYL3):c.69C>T (p.Pro23=),0
NM_000153.4(GALC):c.328+19T>A,0
NC_012920.1(MT-RNR1):m.1391T>C,0
NM_000257.4(MYH7):c.1767C>T (p.Asn589=),0
NM_005633.4(SOS1):c.214-7T>A,0
NM_001199397.3(NEK1):c.2765-20G>A,0
NM_000487.6(ARSA):c.1149C>T (p.Asp383=),0
NM_000215.4(JAK3):c.2625C>T (p.Leu875=),0
NM_016599.5(MYOZ2):c.459A>G (p.Glu153=),0
NM_001134407.3(GRIN2A):c.810A>G (p.Lys270=),0
NM_001037.5(SCN1B):c.40+15G>T,0
NM_000439.5(PCSK1):c.661A>G (p.Asn221Asp),0
NM_000059.4(BRCA2):c.1385A>G (p.Glu462Gly),0
NM_004281.4(BAG3):c.1002T>G (p.Pro334=),0
NM_000545.8(HNF1A):c.1720A>G (p.Ser574Gly),0
NM_138694.4(PKHD1):c.8302+12T>A,0
NM_007294.4(BRCA1):c.4132G>A (p.Val1378Ile),0
NM_002471.4(MYH6):c.399G>A (p.Val133=),0
NM_133379.5(TTN):c.11240A>G (p.Asp3747Gly),0
NM_004817.4(TJP2):c.1446C>A (p.Asp482Glu),0
NM_001853.4(COL9A3):c.307C>T (p.Arg103Trp),0
NM_000059.4(BRCA2):c.3516G>A (p.Ser1172=),0
NM_000046.5(ARSB):c.972A>G (p.Gly324=),0
NM_007294.4(BRCA1):c.4812A>G (p.Gln1604=),0
NM_178335.3(CCDC50):c.228C>T (p.Arg76=),0
NM_000264.5(PTCH1):c.3944C>T (p.Pro1315Leu),0
NM_005120.3(MED12):c.5535C>T (p.Asn1845=),0
NM_000257.4(MYH7):c.189C>T (p.Thr63=),0
NM_000251.3(MSH2):c.1760-62G>A,0
NM_000059.4(BRCA2):c.7625C>G (p.Thr2542Arg),0
NM_000022.4(ADA):c.239A>G (p.Lys80Arg),0
NM_004380.3(CREBBP):c.6711C>T (p.Pro2237=),0
NM_022124.6(CDH23):c.1449+130T>C,0
NM_004369.4(COL6A3):c.7995A>C (p.Ala2665=),0
NM_000368.5(TSC1):c.*1487C>T,0
NM_170707.4(LMNA):c.1489-41C>T,0
NM_001267550.2(TTN):c.12780G>T (p.Ala4260=),0
NM_000334.4(SCN4A):c.2631T>C (p.Asp877=),0
NM_001039958.2(MESP2):c.197C>G (p.Ala66Gly),0
NM_000179.3(MSH6):c.260+2467A>G,0
NM_004700.4(KCNQ4):c.1665G>A (p.Pro555=),0
NM_144672.4(OTOA):c.2238G>A (p.Thr746=),0
NM_003242.6(TGFBR2):c.1266A>G (p.Ala422=),0
NM_030662.4(MAP2K2):c.919+12A>G,0
NM_001985.3(ETFB):c.461C>T (p.Thr154Met),0
NM_206933.4(USH2A):c.6875G>A (p.Arg2292His),0
NM_001035.3(RYR2):c.4596+12G>A,0
NM_000424.4(KRT5):c.1582A>G (p.Ser528Gly),0
NM_001029883.3(PCARE):c.184C>G (p.Pro62Ala),0
NM_000251.3(MSH2):c.1690A>G (p.Thr564Ala),0
NM_000305.3(PON2):c.932C>G (p.Ser311Cys),0
NM_022132.5(MCCC2):c.904-12A>G,0
NM_000180.4(GUCY2D):c.741C>T (p.His247=),0
NM_000257.4(MYH7):c.3777C>T (p.His1259=),0
NM_153676.4(USH1C):c.2347G>T (p.Ala783Ser),0
NM_021076.4(NEFH):c.2784A>G (p.Val928=),0
NM_003283.6(TNNT1):c.611+201C>T,0
NM_000245.4(MET):c.4092G>A (p.Pro1364=),0
NM_024334.3(TMEM43):c.909C>T (p.Ser303=),0
NM_201384.3(PLEC):c.4476G>A (p.Ala1492=),0
NM_004006.3(DMD):c.8027+11C>T,0
NM_000525.4(KCNJ11):c.1001G>A (p.Gly334Asp),0
NM_001127222.2(CACNA1A):c.3546C>T (p.Val1182=),0
NM_170606.3(KMT2C):c.11895C>T (p.Gly3965=),0
NM_002880.4(RAF1):c.1587G>A (p.Ser529=),0
NM_001876.4(CPT1A):c.967+3G>A,0
NM_004360.5(CDH1):c.1018A>G (p.Thr340Ala),0
NM_021098.3(CACNA1H):c.1668C>T (p.Pro556=),0
NM_020634.3(GDF3):c.914T>C (p.Leu305Pro),0
NM_001080476.3(GRXCR1):c.140C>T (p.Ala47Val),0
NM_000059.4(BRCA2):c.10121C>T (p.Thr3374Ile),0
NM_004004.6(GJB2):c.*111C>T,0
NM_033337.3(CAV3):c.115-89G>T,0
NM_000249.4(MLH1):c.307-1403A>T,0
NM_007373.4(SHOC2):c.33T>C (p.Ser11=),0
NM_004006.3(DMD):c.8218-1069G>A,0
NM_002700.3(POU4F3):c.837G>T (p.Thr279=),0
NM_005045.4(RELN):c.8046T>C (p.His2682=),0
NM_001110792.2(MECP2):c.1318G>A (p.Gly440Ser),0
NM_000251.3(MSH2):c.317G>A (p.Arg106Lys),0
NM_000249.4(MLH1):c.1558+4245A>G,0
NM_001256317.3(TMPRSS3):c.-51-7G>C,0
NM_130810.4(DNAAF4):c.-3G>A,0
NM_198098.4(AQP1):c.134C>T (p.Ala45Val),0
NM_000548.5(TSC2):c.2221-28A>G,0
NM_004415.4(DSP):c.1903+7T>C,0
NM_194248.3(OTOF):c.3247G>C (p.Ala1083Pro),0
NM_001622.4(AHSG):c.743T>C (p.Met248Thr),0
NM_000095.3(COMP):c.1156A>G (p.Asn386Asp),0
NM_000348.4(SRD5A2):c.*849A>G,0
NM_006262.4(PRPH):c.-24G>C,0
NM_001232.4(CASQ2):c.420+6T>C,0
NM_005045.4(RELN):c.7110T>C (p.Val2370=),0
NM_014043.4(CHMP2B):c.312T>C (p.Thr104=),0
NC_000011.10:g.2158639T>A,0
NM_004333.6(BRAF):c.980+84A>G,0
NM_000022.4(ADA):c.36= (p.Val12=),0
NM_007294.4(BRCA1):c.5531T>G (p.Leu1844Arg),0
NM_001297.5(CNGB1):c.1473G>A (p.Pro491=),0
NM_004415.4(DSP):c.4535A>G (p.Tyr1512Cys),0
NM_003482.4(KMT2D):c.15978T>G (p.Leu5326=),0
NM_030662.4(MAP2K2):c.528+20A>G,0
NM_000110.4(DPYD):c.*768G>A,0
NM_002206.3(ITGA7):c.3184-12G>C,0
NM_001379180.1(ESRRB):c.948T>C (p.Tyr316=),0
NM_201384.3(PLEC):c.7878G>A (p.Leu2626=),0
NM_001376256.1(CRYM):c.325-12T>C,0
NM_000257.4(MYH7):c.732C>T (p.Phe244=),0
NM_015046.7(SETX):c.5374+16C>T,0
NM_000018.4(ACADVL):c.128G>A (p.Gly43Asp),0
NM_014141.6(CNTNAP2):c.2280A>G (p.Ser760=),0
NM_024105.4(ALG12):c.885A>G (p.Ala295=),0
NM_000078.3(CETP):c.1264G>A (p.Val422Ile),0
NM_000245.4(MET):c.1131C>T (p.Ile377=),0
NM_007294.4(BRCA1):c.2077G>A (p.Asp693Asn),0
NM_002755.4(MAP2K1):c.711G>A (p.Gly237=),0
NM_138691.3(TMC1):c.45C>T (p.Asp15=),0
NM_001110792.2(MECP2):c.1162C>T (p.Pro388Ser),0
NM_178335.3(CCDC50):c.363A>T (p.Leu121Phe),0
NM_000282.4(PCCA):c.914+19A>G,0
NM_032119.4(ADGRV1):c.10039T>C (p.Phe3347Leu),0
NM_004369.4(COL6A3):c.8465-34C>T,0
NM_000518.5(HBB):c.316-185C>T,0
NC_012920.1(MT-TG):m.10044A>G,0
NM_000744.7(CHRNA4):c.1209G>T (p.Pro403=),0
NM_000179.3(MSH6):c.3556+160T>C,0
NM_000059.4(BRCA2):c.3839A>T (p.Asp1280Val),0
NM_001165963.4(SCN1A):c.3199G>A (p.Ala1067Thr),0
NM_005581.4(BCAM):c.230G>A (p.Arg77His),0
NM_206933.4(USH2A):c.11736G>A (p.Glu3912=),0
NM_001256317.3(TMPRSS3):c.157G>A (p.Val53Ile),0
NM_000059.4(BRCA2):c.7232A>C (p.Lys2411Thr),0
NM_004333.6(BRAF):c.1695-90T>A,0
NM_130837.3(OPA1):c.1773A>C (p.Ala591=),0
NM_002880.4(RAF1):c.923C>T (p.Pro308Leu),0
NM_000271.5(NPC1):c.2572A>G (p.Ile858Val),0
NM_000277.3(PAH):c.1242C>T (p.Tyr414=),0
NM_001145809.2(MYH14):c.2355-14C>T,0
NM_021076.4(NEFH):c.1387G>A (p.Glu463Lys),0
NM_000181.4(GUSB):c.162C>T (p.Asn54=),0
NM_000368.5(TSC1):c.1335A>G (p.Glu445=),0
NM_001138.2(AGRP):c.199G>A (p.Ala67Thr),0
NM_000203.5(IDUA):c.60G>A (p.Ala20=),0
NM_016239.4(MYO15A):c.8460-15C>T,0
NM_002273.4(KRT8):c.1022G>A (p.Arg341His),0
NM_000059.4(BRCA2):c.1538A>G (p.Lys513Arg),0
NM_004369.4(COL6A3):c.8491G>C (p.Asp2831His),0
NM_170784.3(MKKS):c.534C>T (p.Ile178=),0
NM_206933.4(USH2A):c.1419C>T (p.Thr473=),0
NM_001145809.2(MYH14):c.2041G>C (p.Gly681Arg),0
NM_024757.5(EHMT1):c.3000C>T (p.Pro1000=),0
NM_033380.3(COL4A5):c.4293C>T (p.Asp1431=),0
NM_024312.5(GNPTAB):c.3135+5T>C,0
NM_033360.4(KRAS):c.450+40A>G,0
NM_002755.4(MAP2K1):c.-2A>G,0
NM_194248.3(OTOF):c.4873G>A (p.Val1625Met),0
NM_006005.3(WFS1):c.2247G>A (p.Thr749=),0
NM_201384.3(PLEC):c.4680G>A (p.Ala1560=),0
NM_194248.3(OTOF):c.766-3C>T,0
NC_012920.1(MT-TI):m.4317A>G,0
NM_000311.5(PRNP):c.655G>A (p.Glu219Lys),0
NM_000389.5(CDKN1A):c.93C>A (p.Ser31Arg),0
NM_006005.3(WFS1):c.930A>G (p.Ala310=),0
NM_000424.4(KRT5):c.630T>C (p.Thr210=),0
NM_153704.6(TMEM67):c.1066-3C>T,0
NM_000199.5(SGSH):c.1081G>A (p.Val361Ile),0
NC_012920.1(MT-TQ):m.4336T>C,0
NM_000211.5(ITGB2):c.2247+57C>T,0
NM_004415.4(DSP):c.2862C>T (p.Cys954=),0
NM_016247.4(IMPG2):c.2021C>T (p.Thr674Ile),0
NM_004004.6(GJB2):c.-22-12C>T,0
NM_000132.4(F8):c.6769A>G (p.Met2257Val),0
NM_000249.4(MLH1):c.1668-19A>G,0
NM_000059.4(BRCA2):c.5752C>T (p.His1918Tyr),0
NM_000046.5(ARSB):c.1072G>A (p.Val358Met),0
NM_001148.6(ANK2):c.5715G>A (p.Ser1905=),0
NC_012920.1(MT-ND1):m.4025C>T,0
NM_000033.4(ABCD1):c.1548G>A (p.Leu516=),0
NM_000183.3(HADHB):c.1149+4A>T,0
NM_005259.3(MSTN):c.458A>G (p.Lys153Arg),0
NM_001386795.1(DTNA):c.1821G>A (p.Ala607=),0
NM_000297.4(PKD2):c.568G>A (p.Ala190Thr),0
NM_020061.6(OPN1LW):c.538= (p.Ala180=),0
NM_003283.6(TNNT1):c.107-108G>T,0
NM_001105206.3(LAMA4):c.423-4T>G,0
NM_024312.5(GNPTAB):c.18G>A (p.Leu6=),0
NM_000284.4(PDHA1):c.795A>G (p.Ala265=),0
NM_000245.4(MET):c.534C>T (p.Ser178=),0
NC_012920.1(MT-ND5):m.13637A>G,0
NM_000257.4(MYH7):c.3153G>A (p.Ala1051=),0
NM_016239.4(MYO15A):c.5649+14G>A,0
NM_000249.4(MLH1):c.474C>T (p.Asn158=),0
NM_000245.4(MET):c.144G>A (p.Ala48=),0
NC_000015.10:g.58431740G>A,0
NC_012920.1(MT-RNR1):m.1048C>T,0
NM_000404.4(GLB1):c.34T>C (p.Leu12=),0
NM_000535.7(PMS2):c.251-72A>G,0
NM_000548.5(TSC2):c.4569+47G>A,0
NM_174936.4(PCSK9):c.524-11G>A,0
NM_002755.4(MAP2K1):c.-85G>C,0
NM_003482.4(KMT2D):c.5217C>T (p.Gly1739=),0
NM_000059.4(BRCA2):c.6338A>G (p.Asn2113Ser),0
NM_004700.4(KCNQ4):c.1657C>T (p.Leu553=),0
NM_000536.4(RAG2):c.644C>T (p.Thr215Ile),0
NM_004369.4(COL6A3):c.9213C>T (p.His3071=),0
NM_001105206.3(LAMA4):c.1710T>C (p.Ser570=),0
NM_000719.7(CACNA1C):c.372-15G>A,0
NM_000744.7(CHRNA4):c.1629C>T (p.Ser543=),0
